
============================================================
MONITOR update 1/6 @ 2026-08-11 13:06:28Z
============================================================
=== Power_Log (last 30 boat-p2) ===
header: ['timestamp_utc', 'device', 'mode', 'engine_v', 'engine_a', 'house_v', 'house_a', 'v50_v', 'v50_a', 'v50_mah_used', 'v50_pct_remain', 'fw', 'uplink', 'note']
total rows: 892
  Aug 11, 2026 6:06 AM | mode=key_on | eng=12.628V | house=0V | fw=1.1.100 | uplink=cellular | note=auto_log gpio sw=1 key=1 gp20=0 gp21=0
  Aug 11, 2026 6:03 AM | mode=key_on | eng=12.629V | house=0.001V | fw=1.1.100 | uplink=cellular | note=auto_log gpio sw=1 key=1 gp20=0 gp21=0
  Aug 11, 2026 6:01 AM | mode=key_on | eng=12.638V | house=0V | fw=1.1.100 | uplink=cellular | note=auto_log gpio sw=1 key=1 gp20=0 gp21=0
  Aug 11, 2026 5:59 AM | mode=key_on | eng=12.479V | house=0.001V | fw=1.1.100 | uplink=cellular | note=auto_log gpio sw=1 key=1 gp20=0 gp21=0
  Aug 11, 2026 5:57 AM | mode=key_on | eng=12.632V | house=0.002V | fw=1.1.100 | uplink=cellular | note=auto_log gpio sw=1 key=1 gp20=0 gp21=0
  Aug 11, 2026 5:54 AM | mode=key_on | eng=12.632V | house=0V | fw=1.1.100 | uplink=cellular | note=auto_log gpio sw=1 key=1 gp20=0 gp21=0
  Aug 11, 2026 5:52 AM | mode=key_on | eng=12.634V | house=0V | fw=1.1.100 | uplink=cellular | note=auto_log gpio sw=1 key=1 gp20=0 gp21=0
  Aug 11, 2026 5:50 AM | mode=key_on | eng=12.634V | house=0.001V | fw=1.1.100 | uplink=cellular | note=auto_log gpio sw=1 key=1 gp20=0 gp21=0
  Aug 11, 2026 5:48 AM | mode=key_on | eng=12.632V | house=0V | fw=1.1.100 | uplink=cellular | note=auto_log gpio sw=1 key=1 gp20=0 gp21=0
  Aug 11, 2026 5:46 AM | mode=key_on | eng=12.634V | house=0.001V | fw=1.1.100 | uplink=cellular | note=auto_log gpio sw=1 key=1 gp20=0 gp21=0
  Aug 11, 2026 5:44 AM | mode=key_on | eng=12.634V | house=0.001V | fw=1.1.100 | uplink=cellular | note=auto_log gpio sw=1 key=1 gp20=0 gp21=0
  Aug 11, 2026 5:42 AM | mode=key_on | eng=12.634V | house=0.002V | fw=1.1.100 | uplink=cellular | note=auto_log gpio sw=1 key=1 gp20=0 gp21=0
  Aug 11, 2026 5:39 AM | mode=key_on | eng=12.638V | house=0V | fw=1.1.100 | uplink=cellular | note=auto_log gpio sw=1 key=1 gp20=0 gp21=0
  Aug 11, 2026 5:37 AM | mode=key_on | eng=12.478V | house=0.001V | fw=1.1.100 | uplink=cellular | note=auto_log gpio sw=1 key=1 gp20=0 gp21=0
  Aug 11, 2026 5:35 AM | mode=key_on | eng=12.639V | house=0.001V | fw=1.1.100 | uplink=cellular | note=auto_log gpio sw=1 key=1 gp20=0 gp21=0
  Aug 11, 2026 5:33 AM | mode=key_on | eng=12.638V | house=0.002V | fw=1.1.100 | uplink=cellular | note=auto_log gpio sw=1 key=1 gp20=0 gp21=0
  Aug 11, 2026 5:31 AM | mode=key_on | eng=12.638V | house=0.002V | fw=1.1.100 | uplink=cellular | note=auto_log gpio sw=1 key=1 gp20=0 gp21=0
  Aug 11, 2026 5:28 AM | mode=key_on | eng=12.639V | house=0V | fw=1.1.100 | uplink=cellular | note=auto_log gpio sw=1 key=1 gp20=0 gp21=0
  Aug 11, 2026 5:26 AM | mode=key_on | eng=12.639V | house=0V | fw=1.1.100 | uplink=cellular | note=auto_log gpio sw=1 key=1 gp20=0 gp21=0
--- harness log tail ---
--- harness process ---
397058 /bin/bash -O extglob -c snap=$(command cat <&3) && builtin shopt -s extglob && builtin eval -- "$snap" && { builtin set +u 2>/dev/null || true; builtin eval "${__CURSOR_SANDBOX_ENV_RESTORE:-}" 2>/dev/null; builtin export PWD="$(builtin pwd)"; builtin shopt -s expand_aliases 2>/dev/null; builtin eval "$1" < /dev/null; }; COMMAND_EXIT_CODE=$?; dump_bash_state >&4; builtin exit $COMMAND_EXIT_CODE -- cd /workspace && git add boat_monitor/ota_stress_harness.py boat_monitor/ota_stress_rules.py boat_monitor/ota_stress_monitor.py boat_monitor/OTA_STRESS_RULES.md && git commit -m "Harden OTA stress: boot_ota confirm, per-round preflight, monitor script" && git push -u origin cursor/harness-monitor-harden-5a55
397101 /bin/bash -l -c python3 boat_monitor/ota_stress_harness.py --rounds 5 --no-bootstrap 2>&1 | tee boat_monitor/ota_stress_run2.log
397898 python3 boat_monitor/ota_stress_harness.py --rounds 5 --no-bootstrap

============================================================
MONITOR update 1/6 @ 2026-08-11 13:06:28Z
============================================================
=== Power_Log (last 30 boat-p2) ===
header: ['timestamp_utc', 'device', 'mode', 'engine_v', 'engine_a', 'house_v', 'house_a', 'v50_v', 'v50_a', 'v50_mah_used', 'v50_pct_remain', 'fw', 'uplink', 'note']
total rows: 892
  Aug 11, 2026 6:06 AM | mode=key_on | eng=12.628V | house=0V | fw=1.1.100 | uplink=cellular | note=auto_log gpio sw=1 key=1 gp20=0 gp21=0
  Aug 11, 2026 6:03 AM | mode=key_on | eng=12.629V | house=0.001V | fw=1.1.100 | uplink=cellular | note=auto_log gpio sw=1 key=1 gp20=0 gp21=0
  Aug 11, 2026 6:01 AM | mode=key_on | eng=12.638V | house=0V | fw=1.1.100 | uplink=cellular | note=auto_log gpio sw=1 key=1 gp20=0 gp21=0
  Aug 11, 2026 5:59 AM | mode=key_on | eng=12.479V | house=0.001V | fw=1.1.100 | uplink=cellular | note=auto_log gpio sw=1 key=1 gp20=0 gp21=0
  Aug 11, 2026 5:57 AM | mode=key_on | eng=12.632V | house=0.002V | fw=1.1.100 | uplink=cellular | note=auto_log gpio sw=1 key=1 gp20=0 gp21=0
  Aug 11, 2026 5:54 AM | mode=key_on | eng=12.632V | house=0V | fw=1.1.100 | uplink=cellular | note=auto_log gpio sw=1 key=1 gp20=0 gp21=0
  Aug 11, 2026 5:52 AM | mode=key_on | eng=12.634V | house=0V | fw=1.1.100 | uplink=cellular | note=auto_log gpio sw=1 key=1 gp20=0 gp21=0
  Aug 11, 2026 5:50 AM | mode=key_on | eng=12.634V | house=0.001V | fw=1.1.100 | uplink=cellular | note=auto_log gpio sw=1 key=1 gp20=0 gp21=0
  Aug 11, 2026 5:48 AM | mode=key_on | eng=12.632V | house=0V | fw=1.1.100 | uplink=cellular | note=auto_log gpio sw=1 key=1 gp20=0 gp21=0
  Aug 11, 2026 5:46 AM | mode=key_on | eng=12.634V | house=0.001V | fw=1.1.100 | uplink=cellular | note=auto_log gpio sw=1 key=1 gp20=0 gp21=0
  Aug 11, 2026 5:44 AM | mode=key_on | eng=12.634V | house=0.001V | fw=1.1.100 | uplink=cellular | note=auto_log gpio sw=1 key=1 gp20=0 gp21=0
  Aug 11, 2026 5:42 AM | mode=key_on | eng=12.634V | house=0.002V | fw=1.1.100 | uplink=cellular | note=auto_log gpio sw=1 key=1 gp20=0 gp21=0
  Aug 11, 2026 5:39 AM | mode=key_on | eng=12.638V | house=0V | fw=1.1.100 | uplink=cellular | note=auto_log gpio sw=1 key=1 gp20=0 gp21=0
  Aug 11, 2026 5:37 AM | mode=key_on | eng=12.478V | house=0.001V | fw=1.1.100 | uplink=cellular | note=auto_log gpio sw=1 key=1 gp20=0 gp21=0
  Aug 11, 2026 5:35 AM | mode=key_on | eng=12.639V | house=0.001V | fw=1.1.100 | uplink=cellular | note=auto_log gpio sw=1 key=1 gp20=0 gp21=0
  Aug 11, 2026 5:33 AM | mode=key_on | eng=12.638V | house=0.002V | fw=1.1.100 | uplink=cellular | note=auto_log gpio sw=1 key=1 gp20=0 gp21=0
  Aug 11, 2026 5:31 AM | mode=key_on | eng=12.638V | house=0.002V | fw=1.1.100 | uplink=cellular | note=auto_log gpio sw=1 key=1 gp20=0 gp21=0
  Aug 11, 2026 5:28 AM | mode=key_on | eng=12.639V | house=0V | fw=1.1.100 | uplink=cellular | note=auto_log gpio sw=1 key=1 gp20=0 gp21=0
  Aug 11, 2026 5:26 AM | mode=key_on | eng=12.639V | house=0V | fw=1.1.100 | uplink=cellular | note=auto_log gpio sw=1 key=1 gp20=0 gp21=0
--- harness log tail ---
--- harness process ---
397058 /bin/bash -O extglob -c snap=$(command cat <&3) && builtin shopt -s extglob && builtin eval -- "$snap" && { builtin set +u 2>/dev/null || true; builtin eval "${__CURSOR_SANDBOX_ENV_RESTORE:-}" 2>/dev/null; builtin export PWD="$(builtin pwd)"; builtin shopt -s expand_aliases 2>/dev/null; builtin eval "$1" < /dev/null; }; COMMAND_EXIT_CODE=$?; dump_bash_state >&4; builtin exit $COMMAND_EXIT_CODE -- cd /workspace && git add boat_monitor/ota_stress_harness.py boat_monitor/ota_stress_rules.py boat_monitor/ota_stress_monitor.py boat_monitor/OTA_STRESS_RULES.md && git commit -m "Harden OTA stress: boot_ota confirm, per-round preflight, monitor script" && git push -u origin cursor/harness-monitor-harden-5a55
397101 /bin/bash -l -c python3 boat_monitor/ota_stress_harness.py --rounds 5 --no-bootstrap 2>&1 | tee boat_monitor/ota_stress_run2.log
397898 python3 boat_monitor/ota_stress_harness.py --rounds 5 --no-bootstrap

============================================================
MONITOR update 2/6 @ 2026-08-11 13:11:29Z
============================================================
=== Power_Log (last 30 boat-p2) ===
header: ['timestamp_utc', 'device', 'mode', 'engine_v', 'engine_a', 'house_v', 'house_a', 'v50_v', 'v50_a', 'v50_mah_used', 'v50_pct_remain', 'fw', 'uplink', 'note']
total rows: 892
  Aug 11, 2026 6:06 AM | mode=key_on | eng=12.628V | house=0V | fw=1.1.100 | uplink=cellular | note=auto_log gpio sw=1 key=1 gp20=0 gp21=0
  Aug 11, 2026 6:03 AM | mode=key_on | eng=12.629V | house=0.001V | fw=1.1.100 | uplink=cellular | note=auto_log gpio sw=1 key=1 gp20=0 gp21=0
  Aug 11, 2026 6:01 AM | mode=key_on | eng=12.638V | house=0V | fw=1.1.100 | uplink=cellular | note=auto_log gpio sw=1 key=1 gp20=0 gp21=0
  Aug 11, 2026 5:59 AM | mode=key_on | eng=12.479V | house=0.001V | fw=1.1.100 | uplink=cellular | note=auto_log gpio sw=1 key=1 gp20=0 gp21=0
  Aug 11, 2026 5:57 AM | mode=key_on | eng=12.632V | house=0.002V | fw=1.1.100 | uplink=cellular | note=auto_log gpio sw=1 key=1 gp20=0 gp21=0
  Aug 11, 2026 5:54 AM | mode=key_on | eng=12.632V | house=0V | fw=1.1.100 | uplink=cellular | note=auto_log gpio sw=1 key=1 gp20=0 gp21=0
  Aug 11, 2026 5:52 AM | mode=key_on | eng=12.634V | house=0V | fw=1.1.100 | uplink=cellular | note=auto_log gpio sw=1 key=1 gp20=0 gp21=0
  Aug 11, 2026 5:50 AM | mode=key_on | eng=12.634V | house=0.001V | fw=1.1.100 | uplink=cellular | note=auto_log gpio sw=1 key=1 gp20=0 gp21=0
  Aug 11, 2026 5:48 AM | mode=key_on | eng=12.632V | house=0V | fw=1.1.100 | uplink=cellular | note=auto_log gpio sw=1 key=1 gp20=0 gp21=0
  Aug 11, 2026 5:46 AM | mode=key_on | eng=12.634V | house=0.001V | fw=1.1.100 | uplink=cellular | note=auto_log gpio sw=1 key=1 gp20=0 gp21=0
  Aug 11, 2026 5:44 AM | mode=key_on | eng=12.634V | house=0.001V | fw=1.1.100 | uplink=cellular | note=auto_log gpio sw=1 key=1 gp20=0 gp21=0
  Aug 11, 2026 5:42 AM | mode=key_on | eng=12.634V | house=0.002V | fw=1.1.100 | uplink=cellular | note=auto_log gpio sw=1 key=1 gp20=0 gp21=0
  Aug 11, 2026 5:39 AM | mode=key_on | eng=12.638V | house=0V | fw=1.1.100 | uplink=cellular | note=auto_log gpio sw=1 key=1 gp20=0 gp21=0
  Aug 11, 2026 5:37 AM | mode=key_on | eng=12.478V | house=0.001V | fw=1.1.100 | uplink=cellular | note=auto_log gpio sw=1 key=1 gp20=0 gp21=0
  Aug 11, 2026 5:35 AM | mode=key_on | eng=12.639V | house=0.001V | fw=1.1.100 | uplink=cellular | note=auto_log gpio sw=1 key=1 gp20=0 gp21=0
  Aug 11, 2026 5:33 AM | mode=key_on | eng=12.638V | house=0.002V | fw=1.1.100 | uplink=cellular | note=auto_log gpio sw=1 key=1 gp20=0 gp21=0
  Aug 11, 2026 5:31 AM | mode=key_on | eng=12.638V | house=0.002V | fw=1.1.100 | uplink=cellular | note=auto_log gpio sw=1 key=1 gp20=0 gp21=0
  Aug 11, 2026 5:28 AM | mode=key_on | eng=12.639V | house=0V | fw=1.1.100 | uplink=cellular | note=auto_log gpio sw=1 key=1 gp20=0 gp21=0
  Aug 11, 2026 5:26 AM | mode=key_on | eng=12.639V | house=0V | fw=1.1.100 | uplink=cellular | note=auto_log gpio sw=1 key=1 gp20=0 gp21=0
--- harness log tail ---
OK: release 1.1.101 (manifest + version.py)
OK: GitHub raw master manifest matches
OK: manifest 1 runtime files (~0 KB source)
OK: release 1.1.101 (manifest + version.py)
OK: manifest 1 runtime files (~0 KB source)
OK: release 1.1.101 (manifest + version.py)
OK: GitHub raw master manifest matches
OK: interval_engine_on_s = 60
OK: interval_engine_off_s = 300
OK: boot_ota_max_seconds = 420
OK: min_fw_version = 1.1.101
Sheet updated. Pico OTA when current < min_fw after master manifest ships.
--- harness process ---
397101 /bin/bash -l -c python3 boat_monitor/ota_stress_harness.py --rounds 5 --no-bootstrap 2>&1 | tee boat_monitor/ota_stress_run2.log
397898 python3 boat_monitor/ota_stress_harness.py --rounds 5 --no-bootstrap

============================================================
MONITOR update 2/6 @ 2026-08-11 13:11:29Z
============================================================
=== Power_Log (last 30 boat-p2) ===
header: ['timestamp_utc', 'device', 'mode', 'engine_v', 'engine_a', 'house_v', 'house_a', 'v50_v', 'v50_a', 'v50_mah_used', 'v50_pct_remain', 'fw', 'uplink', 'note']
total rows: 892
  Aug 11, 2026 6:06 AM | mode=key_on | eng=12.628V | house=0V | fw=1.1.100 | uplink=cellular | note=auto_log gpio sw=1 key=1 gp20=0 gp21=0
  Aug 11, 2026 6:03 AM | mode=key_on | eng=12.629V | house=0.001V | fw=1.1.100 | uplink=cellular | note=auto_log gpio sw=1 key=1 gp20=0 gp21=0
  Aug 11, 2026 6:01 AM | mode=key_on | eng=12.638V | house=0V | fw=1.1.100 | uplink=cellular | note=auto_log gpio sw=1 key=1 gp20=0 gp21=0
  Aug 11, 2026 5:59 AM | mode=key_on | eng=12.479V | house=0.001V | fw=1.1.100 | uplink=cellular | note=auto_log gpio sw=1 key=1 gp20=0 gp21=0
  Aug 11, 2026 5:57 AM | mode=key_on | eng=12.632V | house=0.002V | fw=1.1.100 | uplink=cellular | note=auto_log gpio sw=1 key=1 gp20=0 gp21=0
  Aug 11, 2026 5:54 AM | mode=key_on | eng=12.632V | house=0V | fw=1.1.100 | uplink=cellular | note=auto_log gpio sw=1 key=1 gp20=0 gp21=0
  Aug 11, 2026 5:52 AM | mode=key_on | eng=12.634V | house=0V | fw=1.1.100 | uplink=cellular | note=auto_log gpio sw=1 key=1 gp20=0 gp21=0
  Aug 11, 2026 5:50 AM | mode=key_on | eng=12.634V | house=0.001V | fw=1.1.100 | uplink=cellular | note=auto_log gpio sw=1 key=1 gp20=0 gp21=0
  Aug 11, 2026 5:48 AM | mode=key_on | eng=12.632V | house=0V | fw=1.1.100 | uplink=cellular | note=auto_log gpio sw=1 key=1 gp20=0 gp21=0
  Aug 11, 2026 5:46 AM | mode=key_on | eng=12.634V | house=0.001V | fw=1.1.100 | uplink=cellular | note=auto_log gpio sw=1 key=1 gp20=0 gp21=0
  Aug 11, 2026 5:44 AM | mode=key_on | eng=12.634V | house=0.001V | fw=1.1.100 | uplink=cellular | note=auto_log gpio sw=1 key=1 gp20=0 gp21=0
  Aug 11, 2026 5:42 AM | mode=key_on | eng=12.634V | house=0.002V | fw=1.1.100 | uplink=cellular | note=auto_log gpio sw=1 key=1 gp20=0 gp21=0
  Aug 11, 2026 5:39 AM | mode=key_on | eng=12.638V | house=0V | fw=1.1.100 | uplink=cellular | note=auto_log gpio sw=1 key=1 gp20=0 gp21=0
  Aug 11, 2026 5:37 AM | mode=key_on | eng=12.478V | house=0.001V | fw=1.1.100 | uplink=cellular | note=auto_log gpio sw=1 key=1 gp20=0 gp21=0
  Aug 11, 2026 5:35 AM | mode=key_on | eng=12.639V | house=0.001V | fw=1.1.100 | uplink=cellular | note=auto_log gpio sw=1 key=1 gp20=0 gp21=0
  Aug 11, 2026 5:33 AM | mode=key_on | eng=12.638V | house=0.002V | fw=1.1.100 | uplink=cellular | note=auto_log gpio sw=1 key=1 gp20=0 gp21=0
  Aug 11, 2026 5:31 AM | mode=key_on | eng=12.638V | house=0.002V | fw=1.1.100 | uplink=cellular | note=auto_log gpio sw=1 key=1 gp20=0 gp21=0
  Aug 11, 2026 5:28 AM | mode=key_on | eng=12.639V | house=0V | fw=1.1.100 | uplink=cellular | note=auto_log gpio sw=1 key=1 gp20=0 gp21=0
  Aug 11, 2026 5:26 AM | mode=key_on | eng=12.639V | house=0V | fw=1.1.100 | uplink=cellular | note=auto_log gpio sw=1 key=1 gp20=0 gp21=0
--- harness log tail ---
OK: release 1.1.101 (manifest + version.py)
OK: GitHub raw master manifest matches
OK: manifest 1 runtime files (~0 KB source)
OK: release 1.1.101 (manifest + version.py)
OK: manifest 1 runtime files (~0 KB source)
OK: release 1.1.101 (manifest + version.py)
OK: GitHub raw master manifest matches
OK: interval_engine_on_s = 60
OK: interval_engine_off_s = 300
OK: boot_ota_max_seconds = 420
OK: min_fw_version = 1.1.101
Sheet updated. Pico OTA when current < min_fw after master manifest ships.
--- harness process ---
397101 /bin/bash -l -c python3 boat_monitor/ota_stress_harness.py --rounds 5 --no-bootstrap 2>&1 | tee boat_monitor/ota_stress_run2.log
397898 python3 boat_monitor/ota_stress_harness.py --rounds 5 --no-bootstrap

============================================================
MONITOR update 3/6 @ 2026-08-11 13:16:30Z
============================================================
=== Power_Log (last 30 boat-p2) ===
header: ['timestamp_utc', 'device', 'mode', 'engine_v', 'engine_a', 'house_v', 'house_a', 'v50_v', 'v50_a', 'v50_mah_used', 'v50_pct_remain', 'fw', 'uplink', 'note']
total rows: 893
  Aug 11, 2026 6:14 AM | mode=key_on | eng=12.598V | house=0.001V | fw=1.1.100 | uplink=cellular | note=auto_log gpio sw=1 key=1 gp20=0 gp21=0
  Aug 11, 2026 6:06 AM | mode=key_on | eng=12.628V | house=0V | fw=1.1.100 | uplink=cellular | note=auto_log gpio sw=1 key=1 gp20=0 gp21=0
  Aug 11, 2026 6:03 AM | mode=key_on | eng=12.629V | house=0.001V | fw=1.1.100 | uplink=cellular | note=auto_log gpio sw=1 key=1 gp20=0 gp21=0
  Aug 11, 2026 6:01 AM | mode=key_on | eng=12.638V | house=0V | fw=1.1.100 | uplink=cellular | note=auto_log gpio sw=1 key=1 gp20=0 gp21=0
  Aug 11, 2026 5:59 AM | mode=key_on | eng=12.479V | house=0.001V | fw=1.1.100 | uplink=cellular | note=auto_log gpio sw=1 key=1 gp20=0 gp21=0
  Aug 11, 2026 5:57 AM | mode=key_on | eng=12.632V | house=0.002V | fw=1.1.100 | uplink=cellular | note=auto_log gpio sw=1 key=1 gp20=0 gp21=0
  Aug 11, 2026 5:54 AM | mode=key_on | eng=12.632V | house=0V | fw=1.1.100 | uplink=cellular | note=auto_log gpio sw=1 key=1 gp20=0 gp21=0
  Aug 11, 2026 5:52 AM | mode=key_on | eng=12.634V | house=0V | fw=1.1.100 | uplink=cellular | note=auto_log gpio sw=1 key=1 gp20=0 gp21=0
  Aug 11, 2026 5:50 AM | mode=key_on | eng=12.634V | house=0.001V | fw=1.1.100 | uplink=cellular | note=auto_log gpio sw=1 key=1 gp20=0 gp21=0
  Aug 11, 2026 5:48 AM | mode=key_on | eng=12.632V | house=0V | fw=1.1.100 | uplink=cellular | note=auto_log gpio sw=1 key=1 gp20=0 gp21=0
  Aug 11, 2026 5:46 AM | mode=key_on | eng=12.634V | house=0.001V | fw=1.1.100 | uplink=cellular | note=auto_log gpio sw=1 key=1 gp20=0 gp21=0
  Aug 11, 2026 5:44 AM | mode=key_on | eng=12.634V | house=0.001V | fw=1.1.100 | uplink=cellular | note=auto_log gpio sw=1 key=1 gp20=0 gp21=0
  Aug 11, 2026 5:42 AM | mode=key_on | eng=12.634V | house=0.002V | fw=1.1.100 | uplink=cellular | note=auto_log gpio sw=1 key=1 gp20=0 gp21=0
  Aug 11, 2026 5:39 AM | mode=key_on | eng=12.638V | house=0V | fw=1.1.100 | uplink=cellular | note=auto_log gpio sw=1 key=1 gp20=0 gp21=0
  Aug 11, 2026 5:37 AM | mode=key_on | eng=12.478V | house=0.001V | fw=1.1.100 | uplink=cellular | note=auto_log gpio sw=1 key=1 gp20=0 gp21=0
  Aug 11, 2026 5:35 AM | mode=key_on | eng=12.639V | house=0.001V | fw=1.1.100 | uplink=cellular | note=auto_log gpio sw=1 key=1 gp20=0 gp21=0
  Aug 11, 2026 5:33 AM | mode=key_on | eng=12.638V | house=0.002V | fw=1.1.100 | uplink=cellular | note=auto_log gpio sw=1 key=1 gp20=0 gp21=0
  Aug 11, 2026 5:31 AM | mode=key_on | eng=12.638V | house=0.002V | fw=1.1.100 | uplink=cellular | note=auto_log gpio sw=1 key=1 gp20=0 gp21=0
  Aug 11, 2026 5:28 AM | mode=key_on | eng=12.639V | house=0V | fw=1.1.100 | uplink=cellular | note=auto_log gpio sw=1 key=1 gp20=0 gp21=0
--- harness log tail ---
OK: release 1.1.101 (manifest + version.py)
OK: GitHub raw master manifest matches
OK: manifest 1 runtime files (~0 KB source)
OK: release 1.1.101 (manifest + version.py)
OK: manifest 1 runtime files (~0 KB source)
OK: release 1.1.101 (manifest + version.py)
OK: GitHub raw master manifest matches
OK: interval_engine_on_s = 60
OK: interval_engine_off_s = 300
OK: boot_ota_max_seconds = 420
OK: min_fw_version = 1.1.101
Sheet updated. Pico OTA when current < min_fw after master manifest ships.
--- harness process ---
397101 /bin/bash -l -c python3 boat_monitor/ota_stress_harness.py --rounds 5 --no-bootstrap 2>&1 | tee boat_monitor/ota_stress_run2.log
397898 python3 boat_monitor/ota_stress_harness.py --rounds 5 --no-bootstrap

============================================================
MONITOR update 3/6 @ 2026-08-11 13:16:30Z
============================================================
=== Power_Log (last 30 boat-p2) ===
header: ['timestamp_utc', 'device', 'mode', 'engine_v', 'engine_a', 'house_v', 'house_a', 'v50_v', 'v50_a', 'v50_mah_used', 'v50_pct_remain', 'fw', 'uplink', 'note']
total rows: 893
  Aug 11, 2026 6:14 AM | mode=key_on | eng=12.598V | house=0.001V | fw=1.1.100 | uplink=cellular | note=auto_log gpio sw=1 key=1 gp20=0 gp21=0
  Aug 11, 2026 6:06 AM | mode=key_on | eng=12.628V | house=0V | fw=1.1.100 | uplink=cellular | note=auto_log gpio sw=1 key=1 gp20=0 gp21=0
  Aug 11, 2026 6:03 AM | mode=key_on | eng=12.629V | house=0.001V | fw=1.1.100 | uplink=cellular | note=auto_log gpio sw=1 key=1 gp20=0 gp21=0
  Aug 11, 2026 6:01 AM | mode=key_on | eng=12.638V | house=0V | fw=1.1.100 | uplink=cellular | note=auto_log gpio sw=1 key=1 gp20=0 gp21=0
  Aug 11, 2026 5:59 AM | mode=key_on | eng=12.479V | house=0.001V | fw=1.1.100 | uplink=cellular | note=auto_log gpio sw=1 key=1 gp20=0 gp21=0
  Aug 11, 2026 5:57 AM | mode=key_on | eng=12.632V | house=0.002V | fw=1.1.100 | uplink=cellular | note=auto_log gpio sw=1 key=1 gp20=0 gp21=0
  Aug 11, 2026 5:54 AM | mode=key_on | eng=12.632V | house=0V | fw=1.1.100 | uplink=cellular | note=auto_log gpio sw=1 key=1 gp20=0 gp21=0
  Aug 11, 2026 5:52 AM | mode=key_on | eng=12.634V | house=0V | fw=1.1.100 | uplink=cellular | note=auto_log gpio sw=1 key=1 gp20=0 gp21=0
  Aug 11, 2026 5:50 AM | mode=key_on | eng=12.634V | house=0.001V | fw=1.1.100 | uplink=cellular | note=auto_log gpio sw=1 key=1 gp20=0 gp21=0
  Aug 11, 2026 5:48 AM | mode=key_on | eng=12.632V | house=0V | fw=1.1.100 | uplink=cellular | note=auto_log gpio sw=1 key=1 gp20=0 gp21=0
  Aug 11, 2026 5:46 AM | mode=key_on | eng=12.634V | house=0.001V | fw=1.1.100 | uplink=cellular | note=auto_log gpio sw=1 key=1 gp20=0 gp21=0
  Aug 11, 2026 5:44 AM | mode=key_on | eng=12.634V | house=0.001V | fw=1.1.100 | uplink=cellular | note=auto_log gpio sw=1 key=1 gp20=0 gp21=0
  Aug 11, 2026 5:42 AM | mode=key_on | eng=12.634V | house=0.002V | fw=1.1.100 | uplink=cellular | note=auto_log gpio sw=1 key=1 gp20=0 gp21=0
  Aug 11, 2026 5:39 AM | mode=key_on | eng=12.638V | house=0V | fw=1.1.100 | uplink=cellular | note=auto_log gpio sw=1 key=1 gp20=0 gp21=0
  Aug 11, 2026 5:37 AM | mode=key_on | eng=12.478V | house=0.001V | fw=1.1.100 | uplink=cellular | note=auto_log gpio sw=1 key=1 gp20=0 gp21=0
  Aug 11, 2026 5:35 AM | mode=key_on | eng=12.639V | house=0.001V | fw=1.1.100 | uplink=cellular | note=auto_log gpio sw=1 key=1 gp20=0 gp21=0
  Aug 11, 2026 5:33 AM | mode=key_on | eng=12.638V | house=0.002V | fw=1.1.100 | uplink=cellular | note=auto_log gpio sw=1 key=1 gp20=0 gp21=0
  Aug 11, 2026 5:31 AM | mode=key_on | eng=12.638V | house=0.002V | fw=1.1.100 | uplink=cellular | note=auto_log gpio sw=1 key=1 gp20=0 gp21=0
  Aug 11, 2026 5:28 AM | mode=key_on | eng=12.639V | house=0V | fw=1.1.100 | uplink=cellular | note=auto_log gpio sw=1 key=1 gp20=0 gp21=0
--- harness log tail ---
OK: release 1.1.101 (manifest + version.py)
OK: GitHub raw master manifest matches
OK: manifest 1 runtime files (~0 KB source)
OK: release 1.1.101 (manifest + version.py)
OK: manifest 1 runtime files (~0 KB source)
OK: release 1.1.101 (manifest + version.py)
OK: GitHub raw master manifest matches
OK: interval_engine_on_s = 60
OK: interval_engine_off_s = 300
OK: boot_ota_max_seconds = 420
OK: min_fw_version = 1.1.101
Sheet updated. Pico OTA when current < min_fw after master manifest ships.
--- harness process ---
397101 /bin/bash -l -c python3 boat_monitor/ota_stress_harness.py --rounds 5 --no-bootstrap 2>&1 | tee boat_monitor/ota_stress_run2.log
397898 python3 boat_monitor/ota_stress_harness.py --rounds 5 --no-bootstrap

============================================================
MONITOR update 4/6 @ 2026-08-11 13:21:31Z
============================================================
=== Power_Log (last 30 boat-p2) ===
header: ['timestamp_utc', 'device', 'mode', 'engine_v', 'engine_a', 'house_v', 'house_a', 'v50_v', 'v50_a', 'v50_mah_used', 'v50_pct_remain', 'fw', 'uplink', 'note']
total rows: 894
  Aug 11, 2026 6:20 AM | mode=key_on | eng=12.592V | house=0.002V | fw=1.1.100 | uplink=cellular | note=auto_log gpio sw=1 key=1 gp20=0 gp21=0
  Aug 11, 2026 6:14 AM | mode=key_on | eng=12.598V | house=0.001V | fw=1.1.100 | uplink=cellular | note=auto_log gpio sw=1 key=1 gp20=0 gp21=0
  Aug 11, 2026 6:06 AM | mode=key_on | eng=12.628V | house=0V | fw=1.1.100 | uplink=cellular | note=auto_log gpio sw=1 key=1 gp20=0 gp21=0
  Aug 11, 2026 6:03 AM | mode=key_on | eng=12.629V | house=0.001V | fw=1.1.100 | uplink=cellular | note=auto_log gpio sw=1 key=1 gp20=0 gp21=0
  Aug 11, 2026 6:01 AM | mode=key_on | eng=12.638V | house=0V | fw=1.1.100 | uplink=cellular | note=auto_log gpio sw=1 key=1 gp20=0 gp21=0
  Aug 11, 2026 5:59 AM | mode=key_on | eng=12.479V | house=0.001V | fw=1.1.100 | uplink=cellular | note=auto_log gpio sw=1 key=1 gp20=0 gp21=0
  Aug 11, 2026 5:57 AM | mode=key_on | eng=12.632V | house=0.002V | fw=1.1.100 | uplink=cellular | note=auto_log gpio sw=1 key=1 gp20=0 gp21=0
  Aug 11, 2026 5:54 AM | mode=key_on | eng=12.632V | house=0V | fw=1.1.100 | uplink=cellular | note=auto_log gpio sw=1 key=1 gp20=0 gp21=0
  Aug 11, 2026 5:52 AM | mode=key_on | eng=12.634V | house=0V | fw=1.1.100 | uplink=cellular | note=auto_log gpio sw=1 key=1 gp20=0 gp21=0
  Aug 11, 2026 5:50 AM | mode=key_on | eng=12.634V | house=0.001V | fw=1.1.100 | uplink=cellular | note=auto_log gpio sw=1 key=1 gp20=0 gp21=0
  Aug 11, 2026 5:48 AM | mode=key_on | eng=12.632V | house=0V | fw=1.1.100 | uplink=cellular | note=auto_log gpio sw=1 key=1 gp20=0 gp21=0
  Aug 11, 2026 5:46 AM | mode=key_on | eng=12.634V | house=0.001V | fw=1.1.100 | uplink=cellular | note=auto_log gpio sw=1 key=1 gp20=0 gp21=0
  Aug 11, 2026 5:44 AM | mode=key_on | eng=12.634V | house=0.001V | fw=1.1.100 | uplink=cellular | note=auto_log gpio sw=1 key=1 gp20=0 gp21=0
  Aug 11, 2026 5:42 AM | mode=key_on | eng=12.634V | house=0.002V | fw=1.1.100 | uplink=cellular | note=auto_log gpio sw=1 key=1 gp20=0 gp21=0
  Aug 11, 2026 5:39 AM | mode=key_on | eng=12.638V | house=0V | fw=1.1.100 | uplink=cellular | note=auto_log gpio sw=1 key=1 gp20=0 gp21=0
  Aug 11, 2026 5:37 AM | mode=key_on | eng=12.478V | house=0.001V | fw=1.1.100 | uplink=cellular | note=auto_log gpio sw=1 key=1 gp20=0 gp21=0
  Aug 11, 2026 5:35 AM | mode=key_on | eng=12.639V | house=0.001V | fw=1.1.100 | uplink=cellular | note=auto_log gpio sw=1 key=1 gp20=0 gp21=0
  Aug 11, 2026 5:33 AM | mode=key_on | eng=12.638V | house=0.002V | fw=1.1.100 | uplink=cellular | note=auto_log gpio sw=1 key=1 gp20=0 gp21=0
  Aug 11, 2026 5:31 AM | mode=key_on | eng=12.638V | house=0.002V | fw=1.1.100 | uplink=cellular | note=auto_log gpio sw=1 key=1 gp20=0 gp21=0
--- harness log tail ---
OK: release 1.1.101 (manifest + version.py)
OK: GitHub raw master manifest matches
OK: manifest 1 runtime files (~0 KB source)
OK: release 1.1.101 (manifest + version.py)
OK: manifest 1 runtime files (~0 KB source)
OK: release 1.1.101 (manifest + version.py)
OK: GitHub raw master manifest matches
OK: interval_engine_on_s = 60
OK: interval_engine_off_s = 300
OK: boot_ota_max_seconds = 420
OK: min_fw_version = 1.1.101
Sheet updated. Pico OTA when current < min_fw after master manifest ships.
--- harness process ---
397101 /bin/bash -l -c python3 boat_monitor/ota_stress_harness.py --rounds 5 --no-bootstrap 2>&1 | tee boat_monitor/ota_stress_run2.log
397898 python3 boat_monitor/ota_stress_harness.py --rounds 5 --no-bootstrap

============================================================
MONITOR update 4/6 @ 2026-08-11 13:21:31Z
============================================================
=== Power_Log (last 30 boat-p2) ===
header: ['timestamp_utc', 'device', 'mode', 'engine_v', 'engine_a', 'house_v', 'house_a', 'v50_v', 'v50_a', 'v50_mah_used', 'v50_pct_remain', 'fw', 'uplink', 'note']
total rows: 894
  Aug 11, 2026 6:20 AM | mode=key_on | eng=12.592V | house=0.002V | fw=1.1.100 | uplink=cellular | note=auto_log gpio sw=1 key=1 gp20=0 gp21=0
  Aug 11, 2026 6:14 AM | mode=key_on | eng=12.598V | house=0.001V | fw=1.1.100 | uplink=cellular | note=auto_log gpio sw=1 key=1 gp20=0 gp21=0
  Aug 11, 2026 6:06 AM | mode=key_on | eng=12.628V | house=0V | fw=1.1.100 | uplink=cellular | note=auto_log gpio sw=1 key=1 gp20=0 gp21=0
  Aug 11, 2026 6:03 AM | mode=key_on | eng=12.629V | house=0.001V | fw=1.1.100 | uplink=cellular | note=auto_log gpio sw=1 key=1 gp20=0 gp21=0
  Aug 11, 2026 6:01 AM | mode=key_on | eng=12.638V | house=0V | fw=1.1.100 | uplink=cellular | note=auto_log gpio sw=1 key=1 gp20=0 gp21=0
  Aug 11, 2026 5:59 AM | mode=key_on | eng=12.479V | house=0.001V | fw=1.1.100 | uplink=cellular | note=auto_log gpio sw=1 key=1 gp20=0 gp21=0
  Aug 11, 2026 5:57 AM | mode=key_on | eng=12.632V | house=0.002V | fw=1.1.100 | uplink=cellular | note=auto_log gpio sw=1 key=1 gp20=0 gp21=0
  Aug 11, 2026 5:54 AM | mode=key_on | eng=12.632V | house=0V | fw=1.1.100 | uplink=cellular | note=auto_log gpio sw=1 key=1 gp20=0 gp21=0
  Aug 11, 2026 5:52 AM | mode=key_on | eng=12.634V | house=0V | fw=1.1.100 | uplink=cellular | note=auto_log gpio sw=1 key=1 gp20=0 gp21=0
  Aug 11, 2026 5:50 AM | mode=key_on | eng=12.634V | house=0.001V | fw=1.1.100 | uplink=cellular | note=auto_log gpio sw=1 key=1 gp20=0 gp21=0
  Aug 11, 2026 5:48 AM | mode=key_on | eng=12.632V | house=0V | fw=1.1.100 | uplink=cellular | note=auto_log gpio sw=1 key=1 gp20=0 gp21=0
  Aug 11, 2026 5:46 AM | mode=key_on | eng=12.634V | house=0.001V | fw=1.1.100 | uplink=cellular | note=auto_log gpio sw=1 key=1 gp20=0 gp21=0
  Aug 11, 2026 5:44 AM | mode=key_on | eng=12.634V | house=0.001V | fw=1.1.100 | uplink=cellular | note=auto_log gpio sw=1 key=1 gp20=0 gp21=0
  Aug 11, 2026 5:42 AM | mode=key_on | eng=12.634V | house=0.002V | fw=1.1.100 | uplink=cellular | note=auto_log gpio sw=1 key=1 gp20=0 gp21=0
  Aug 11, 2026 5:39 AM | mode=key_on | eng=12.638V | house=0V | fw=1.1.100 | uplink=cellular | note=auto_log gpio sw=1 key=1 gp20=0 gp21=0
  Aug 11, 2026 5:37 AM | mode=key_on | eng=12.478V | house=0.001V | fw=1.1.100 | uplink=cellular | note=auto_log gpio sw=1 key=1 gp20=0 gp21=0
  Aug 11, 2026 5:35 AM | mode=key_on | eng=12.639V | house=0.001V | fw=1.1.100 | uplink=cellular | note=auto_log gpio sw=1 key=1 gp20=0 gp21=0
  Aug 11, 2026 5:33 AM | mode=key_on | eng=12.638V | house=0.002V | fw=1.1.100 | uplink=cellular | note=auto_log gpio sw=1 key=1 gp20=0 gp21=0
  Aug 11, 2026 5:31 AM | mode=key_on | eng=12.638V | house=0.002V | fw=1.1.100 | uplink=cellular | note=auto_log gpio sw=1 key=1 gp20=0 gp21=0
--- harness log tail ---
OK: release 1.1.101 (manifest + version.py)
OK: GitHub raw master manifest matches
OK: manifest 1 runtime files (~0 KB source)
OK: release 1.1.101 (manifest + version.py)
OK: manifest 1 runtime files (~0 KB source)
OK: release 1.1.101 (manifest + version.py)
OK: GitHub raw master manifest matches
OK: interval_engine_on_s = 60
OK: interval_engine_off_s = 300
OK: boot_ota_max_seconds = 420
OK: min_fw_version = 1.1.101
Sheet updated. Pico OTA when current < min_fw after master manifest ships.
--- harness process ---
397101 /bin/bash -l -c python3 boat_monitor/ota_stress_harness.py --rounds 5 --no-bootstrap 2>&1 | tee boat_monitor/ota_stress_run2.log
397898 python3 boat_monitor/ota_stress_harness.py --rounds 5 --no-bootstrap

============================================================
MONITOR update 5/6 @ 2026-08-11 13:26:32Z
============================================================
=== Power_Log (last 30 boat-p2) ===
header: ['timestamp_utc', 'device', 'mode', 'engine_v', 'engine_a', 'house_v', 'house_a', 'v50_v', 'v50_a', 'v50_mah_used', 'v50_pct_remain', 'fw', 'uplink', 'note']
total rows: 894
  Aug 11, 2026 6:20 AM | mode=key_on | eng=12.592V | house=0.002V | fw=1.1.100 | uplink=cellular | note=auto_log gpio sw=1 key=1 gp20=0 gp21=0
  Aug 11, 2026 6:14 AM | mode=key_on | eng=12.598V | house=0.001V | fw=1.1.100 | uplink=cellular | note=auto_log gpio sw=1 key=1 gp20=0 gp21=0
  Aug 11, 2026 6:06 AM | mode=key_on | eng=12.628V | house=0V | fw=1.1.100 | uplink=cellular | note=auto_log gpio sw=1 key=1 gp20=0 gp21=0
  Aug 11, 2026 6:03 AM | mode=key_on | eng=12.629V | house=0.001V | fw=1.1.100 | uplink=cellular | note=auto_log gpio sw=1 key=1 gp20=0 gp21=0
  Aug 11, 2026 6:01 AM | mode=key_on | eng=12.638V | house=0V | fw=1.1.100 | uplink=cellular | note=auto_log gpio sw=1 key=1 gp20=0 gp21=0
  Aug 11, 2026 5:59 AM | mode=key_on | eng=12.479V | house=0.001V | fw=1.1.100 | uplink=cellular | note=auto_log gpio sw=1 key=1 gp20=0 gp21=0
  Aug 11, 2026 5:57 AM | mode=key_on | eng=12.632V | house=0.002V | fw=1.1.100 | uplink=cellular | note=auto_log gpio sw=1 key=1 gp20=0 gp21=0
  Aug 11, 2026 5:54 AM | mode=key_on | eng=12.632V | house=0V | fw=1.1.100 | uplink=cellular | note=auto_log gpio sw=1 key=1 gp20=0 gp21=0
  Aug 11, 2026 5:52 AM | mode=key_on | eng=12.634V | house=0V | fw=1.1.100 | uplink=cellular | note=auto_log gpio sw=1 key=1 gp20=0 gp21=0
  Aug 11, 2026 5:50 AM | mode=key_on | eng=12.634V | house=0.001V | fw=1.1.100 | uplink=cellular | note=auto_log gpio sw=1 key=1 gp20=0 gp21=0
  Aug 11, 2026 5:48 AM | mode=key_on | eng=12.632V | house=0V | fw=1.1.100 | uplink=cellular | note=auto_log gpio sw=1 key=1 gp20=0 gp21=0
  Aug 11, 2026 5:46 AM | mode=key_on | eng=12.634V | house=0.001V | fw=1.1.100 | uplink=cellular | note=auto_log gpio sw=1 key=1 gp20=0 gp21=0
  Aug 11, 2026 5:44 AM | mode=key_on | eng=12.634V | house=0.001V | fw=1.1.100 | uplink=cellular | note=auto_log gpio sw=1 key=1 gp20=0 gp21=0
  Aug 11, 2026 5:42 AM | mode=key_on | eng=12.634V | house=0.002V | fw=1.1.100 | uplink=cellular | note=auto_log gpio sw=1 key=1 gp20=0 gp21=0
  Aug 11, 2026 5:39 AM | mode=key_on | eng=12.638V | house=0V | fw=1.1.100 | uplink=cellular | note=auto_log gpio sw=1 key=1 gp20=0 gp21=0
  Aug 11, 2026 5:37 AM | mode=key_on | eng=12.478V | house=0.001V | fw=1.1.100 | uplink=cellular | note=auto_log gpio sw=1 key=1 gp20=0 gp21=0
  Aug 11, 2026 5:35 AM | mode=key_on | eng=12.639V | house=0.001V | fw=1.1.100 | uplink=cellular | note=auto_log gpio sw=1 key=1 gp20=0 gp21=0
  Aug 11, 2026 5:33 AM | mode=key_on | eng=12.638V | house=0.002V | fw=1.1.100 | uplink=cellular | note=auto_log gpio sw=1 key=1 gp20=0 gp21=0
  Aug 11, 2026 5:31 AM | mode=key_on | eng=12.638V | house=0.002V | fw=1.1.100 | uplink=cellular | note=auto_log gpio sw=1 key=1 gp20=0 gp21=0
--- harness log tail ---
OK: release 1.1.101 (manifest + version.py)
OK: GitHub raw master manifest matches
OK: manifest 1 runtime files (~0 KB source)
OK: release 1.1.101 (manifest + version.py)
OK: manifest 1 runtime files (~0 KB source)
OK: release 1.1.101 (manifest + version.py)
OK: GitHub raw master manifest matches
OK: interval_engine_on_s = 60
OK: interval_engine_off_s = 300
OK: boot_ota_max_seconds = 420
OK: min_fw_version = 1.1.101
Sheet updated. Pico OTA when current < min_fw after master manifest ships.
--- harness process ---
397101 /bin/bash -l -c python3 boat_monitor/ota_stress_harness.py --rounds 5 --no-bootstrap 2>&1 | tee boat_monitor/ota_stress_run2.log
397898 python3 boat_monitor/ota_stress_harness.py --rounds 5 --no-bootstrap

============================================================
MONITOR update 5/6 @ 2026-08-11 13:26:32Z
============================================================
=== Power_Log (last 30 boat-p2) ===
header: ['timestamp_utc', 'device', 'mode', 'engine_v', 'engine_a', 'house_v', 'house_a', 'v50_v', 'v50_a', 'v50_mah_used', 'v50_pct_remain', 'fw', 'uplink', 'note']
total rows: 894
  Aug 11, 2026 6:20 AM | mode=key_on | eng=12.592V | house=0.002V | fw=1.1.100 | uplink=cellular | note=auto_log gpio sw=1 key=1 gp20=0 gp21=0
  Aug 11, 2026 6:14 AM | mode=key_on | eng=12.598V | house=0.001V | fw=1.1.100 | uplink=cellular | note=auto_log gpio sw=1 key=1 gp20=0 gp21=0
  Aug 11, 2026 6:06 AM | mode=key_on | eng=12.628V | house=0V | fw=1.1.100 | uplink=cellular | note=auto_log gpio sw=1 key=1 gp20=0 gp21=0
  Aug 11, 2026 6:03 AM | mode=key_on | eng=12.629V | house=0.001V | fw=1.1.100 | uplink=cellular | note=auto_log gpio sw=1 key=1 gp20=0 gp21=0
  Aug 11, 2026 6:01 AM | mode=key_on | eng=12.638V | house=0V | fw=1.1.100 | uplink=cellular | note=auto_log gpio sw=1 key=1 gp20=0 gp21=0
  Aug 11, 2026 5:59 AM | mode=key_on | eng=12.479V | house=0.001V | fw=1.1.100 | uplink=cellular | note=auto_log gpio sw=1 key=1 gp20=0 gp21=0
  Aug 11, 2026 5:57 AM | mode=key_on | eng=12.632V | house=0.002V | fw=1.1.100 | uplink=cellular | note=auto_log gpio sw=1 key=1 gp20=0 gp21=0
  Aug 11, 2026 5:54 AM | mode=key_on | eng=12.632V | house=0V | fw=1.1.100 | uplink=cellular | note=auto_log gpio sw=1 key=1 gp20=0 gp21=0
  Aug 11, 2026 5:52 AM | mode=key_on | eng=12.634V | house=0V | fw=1.1.100 | uplink=cellular | note=auto_log gpio sw=1 key=1 gp20=0 gp21=0
  Aug 11, 2026 5:50 AM | mode=key_on | eng=12.634V | house=0.001V | fw=1.1.100 | uplink=cellular | note=auto_log gpio sw=1 key=1 gp20=0 gp21=0
  Aug 11, 2026 5:48 AM | mode=key_on | eng=12.632V | house=0V | fw=1.1.100 | uplink=cellular | note=auto_log gpio sw=1 key=1 gp20=0 gp21=0
  Aug 11, 2026 5:46 AM | mode=key_on | eng=12.634V | house=0.001V | fw=1.1.100 | uplink=cellular | note=auto_log gpio sw=1 key=1 gp20=0 gp21=0
  Aug 11, 2026 5:44 AM | mode=key_on | eng=12.634V | house=0.001V | fw=1.1.100 | uplink=cellular | note=auto_log gpio sw=1 key=1 gp20=0 gp21=0
  Aug 11, 2026 5:42 AM | mode=key_on | eng=12.634V | house=0.002V | fw=1.1.100 | uplink=cellular | note=auto_log gpio sw=1 key=1 gp20=0 gp21=0
  Aug 11, 2026 5:39 AM | mode=key_on | eng=12.638V | house=0V | fw=1.1.100 | uplink=cellular | note=auto_log gpio sw=1 key=1 gp20=0 gp21=0
  Aug 11, 2026 5:37 AM | mode=key_on | eng=12.478V | house=0.001V | fw=1.1.100 | uplink=cellular | note=auto_log gpio sw=1 key=1 gp20=0 gp21=0
  Aug 11, 2026 5:35 AM | mode=key_on | eng=12.639V | house=0.001V | fw=1.1.100 | uplink=cellular | note=auto_log gpio sw=1 key=1 gp20=0 gp21=0
  Aug 11, 2026 5:33 AM | mode=key_on | eng=12.638V | house=0.002V | fw=1.1.100 | uplink=cellular | note=auto_log gpio sw=1 key=1 gp20=0 gp21=0
  Aug 11, 2026 5:31 AM | mode=key_on | eng=12.638V | house=0.002V | fw=1.1.100 | uplink=cellular | note=auto_log gpio sw=1 key=1 gp20=0 gp21=0
--- harness log tail ---
OK: release 1.1.101 (manifest + version.py)
OK: GitHub raw master manifest matches
OK: manifest 1 runtime files (~0 KB source)
OK: release 1.1.101 (manifest + version.py)
OK: manifest 1 runtime files (~0 KB source)
OK: release 1.1.101 (manifest + version.py)
OK: GitHub raw master manifest matches
OK: interval_engine_on_s = 60
OK: interval_engine_off_s = 300
OK: boot_ota_max_seconds = 420
OK: min_fw_version = 1.1.101
Sheet updated. Pico OTA when current < min_fw after master manifest ships.
--- harness process ---
397101 /bin/bash -l -c python3 boat_monitor/ota_stress_harness.py --rounds 5 --no-bootstrap 2>&1 | tee boat_monitor/ota_stress_run2.log
397898 python3 boat_monitor/ota_stress_harness.py --rounds 5 --no-bootstrap

============================================================
MONITOR update 6/6 @ 2026-08-11 13:31:33Z
============================================================
=== Power_Log (last 30 boat-p2) ===
header: ['timestamp_utc', 'device', 'mode', 'engine_v', 'engine_a', 'house_v', 'house_a', 'v50_v', 'v50_a', 'v50_mah_used', 'v50_pct_remain', 'fw', 'uplink', 'note']
total rows: 894
  Aug 11, 2026 6:20 AM | mode=key_on | eng=12.592V | house=0.002V | fw=1.1.100 | uplink=cellular | note=auto_log gpio sw=1 key=1 gp20=0 gp21=0
  Aug 11, 2026 6:14 AM | mode=key_on | eng=12.598V | house=0.001V | fw=1.1.100 | uplink=cellular | note=auto_log gpio sw=1 key=1 gp20=0 gp21=0
  Aug 11, 2026 6:06 AM | mode=key_on | eng=12.628V | house=0V | fw=1.1.100 | uplink=cellular | note=auto_log gpio sw=1 key=1 gp20=0 gp21=0
  Aug 11, 2026 6:03 AM | mode=key_on | eng=12.629V | house=0.001V | fw=1.1.100 | uplink=cellular | note=auto_log gpio sw=1 key=1 gp20=0 gp21=0
  Aug 11, 2026 6:01 AM | mode=key_on | eng=12.638V | house=0V | fw=1.1.100 | uplink=cellular | note=auto_log gpio sw=1 key=1 gp20=0 gp21=0
  Aug 11, 2026 5:59 AM | mode=key_on | eng=12.479V | house=0.001V | fw=1.1.100 | uplink=cellular | note=auto_log gpio sw=1 key=1 gp20=0 gp21=0
  Aug 11, 2026 5:57 AM | mode=key_on | eng=12.632V | house=0.002V | fw=1.1.100 | uplink=cellular | note=auto_log gpio sw=1 key=1 gp20=0 gp21=0
  Aug 11, 2026 5:54 AM | mode=key_on | eng=12.632V | house=0V | fw=1.1.100 | uplink=cellular | note=auto_log gpio sw=1 key=1 gp20=0 gp21=0
  Aug 11, 2026 5:52 AM | mode=key_on | eng=12.634V | house=0V | fw=1.1.100 | uplink=cellular | note=auto_log gpio sw=1 key=1 gp20=0 gp21=0
  Aug 11, 2026 5:50 AM | mode=key_on | eng=12.634V | house=0.001V | fw=1.1.100 | uplink=cellular | note=auto_log gpio sw=1 key=1 gp20=0 gp21=0
  Aug 11, 2026 5:48 AM | mode=key_on | eng=12.632V | house=0V | fw=1.1.100 | uplink=cellular | note=auto_log gpio sw=1 key=1 gp20=0 gp21=0
  Aug 11, 2026 5:46 AM | mode=key_on | eng=12.634V | house=0.001V | fw=1.1.100 | uplink=cellular | note=auto_log gpio sw=1 key=1 gp20=0 gp21=0
  Aug 11, 2026 5:44 AM | mode=key_on | eng=12.634V | house=0.001V | fw=1.1.100 | uplink=cellular | note=auto_log gpio sw=1 key=1 gp20=0 gp21=0
  Aug 11, 2026 5:42 AM | mode=key_on | eng=12.634V | house=0.002V | fw=1.1.100 | uplink=cellular | note=auto_log gpio sw=1 key=1 gp20=0 gp21=0
  Aug 11, 2026 5:39 AM | mode=key_on | eng=12.638V | house=0V | fw=1.1.100 | uplink=cellular | note=auto_log gpio sw=1 key=1 gp20=0 gp21=0
  Aug 11, 2026 5:37 AM | mode=key_on | eng=12.478V | house=0.001V | fw=1.1.100 | uplink=cellular | note=auto_log gpio sw=1 key=1 gp20=0 gp21=0
  Aug 11, 2026 5:35 AM | mode=key_on | eng=12.639V | house=0.001V | fw=1.1.100 | uplink=cellular | note=auto_log gpio sw=1 key=1 gp20=0 gp21=0
  Aug 11, 2026 5:33 AM | mode=key_on | eng=12.638V | house=0.002V | fw=1.1.100 | uplink=cellular | note=auto_log gpio sw=1 key=1 gp20=0 gp21=0
  Aug 11, 2026 5:31 AM | mode=key_on | eng=12.638V | house=0.002V | fw=1.1.100 | uplink=cellular | note=auto_log gpio sw=1 key=1 gp20=0 gp21=0
--- harness log tail ---
OK: release 1.1.101 (manifest + version.py)
OK: GitHub raw master manifest matches
OK: manifest 1 runtime files (~0 KB source)
OK: release 1.1.101 (manifest + version.py)
OK: manifest 1 runtime files (~0 KB source)
OK: release 1.1.101 (manifest + version.py)
OK: GitHub raw master manifest matches
OK: interval_engine_on_s = 60
OK: interval_engine_off_s = 300
OK: boot_ota_max_seconds = 420
OK: min_fw_version = 1.1.101
Sheet updated. Pico OTA when current < min_fw after master manifest ships.
--- harness process ---
397101 /bin/bash -l -c python3 boat_monitor/ota_stress_harness.py --rounds 5 --no-bootstrap 2>&1 | tee boat_monitor/ota_stress_run2.log
397898 python3 boat_monitor/ota_stress_harness.py --rounds 5 --no-bootstrap

============================================================
MONITOR update 6/6 @ 2026-08-11 13:31:33Z
============================================================
=== Power_Log (last 30 boat-p2) ===
header: ['timestamp_utc', 'device', 'mode', 'engine_v', 'engine_a', 'house_v', 'house_a', 'v50_v', 'v50_a', 'v50_mah_used', 'v50_pct_remain', 'fw', 'uplink', 'note']
total rows: 894
  Aug 11, 2026 6:20 AM | mode=key_on | eng=12.592V | house=0.002V | fw=1.1.100 | uplink=cellular | note=auto_log gpio sw=1 key=1 gp20=0 gp21=0
  Aug 11, 2026 6:14 AM | mode=key_on | eng=12.598V | house=0.001V | fw=1.1.100 | uplink=cellular | note=auto_log gpio sw=1 key=1 gp20=0 gp21=0
  Aug 11, 2026 6:06 AM | mode=key_on | eng=12.628V | house=0V | fw=1.1.100 | uplink=cellular | note=auto_log gpio sw=1 key=1 gp20=0 gp21=0
  Aug 11, 2026 6:03 AM | mode=key_on | eng=12.629V | house=0.001V | fw=1.1.100 | uplink=cellular | note=auto_log gpio sw=1 key=1 gp20=0 gp21=0
  Aug 11, 2026 6:01 AM | mode=key_on | eng=12.638V | house=0V | fw=1.1.100 | uplink=cellular | note=auto_log gpio sw=1 key=1 gp20=0 gp21=0
  Aug 11, 2026 5:59 AM | mode=key_on | eng=12.479V | house=0.001V | fw=1.1.100 | uplink=cellular | note=auto_log gpio sw=1 key=1 gp20=0 gp21=0
  Aug 11, 2026 5:57 AM | mode=key_on | eng=12.632V | house=0.002V | fw=1.1.100 | uplink=cellular | note=auto_log gpio sw=1 key=1 gp20=0 gp21=0
  Aug 11, 2026 5:54 AM | mode=key_on | eng=12.632V | house=0V | fw=1.1.100 | uplink=cellular | note=auto_log gpio sw=1 key=1 gp20=0 gp21=0
  Aug 11, 2026 5:52 AM | mode=key_on | eng=12.634V | house=0V | fw=1.1.100 | uplink=cellular | note=auto_log gpio sw=1 key=1 gp20=0 gp21=0
  Aug 11, 2026 5:50 AM | mode=key_on | eng=12.634V | house=0.001V | fw=1.1.100 | uplink=cellular | note=auto_log gpio sw=1 key=1 gp20=0 gp21=0
  Aug 11, 2026 5:48 AM | mode=key_on | eng=12.632V | house=0V | fw=1.1.100 | uplink=cellular | note=auto_log gpio sw=1 key=1 gp20=0 gp21=0
  Aug 11, 2026 5:46 AM | mode=key_on | eng=12.634V | house=0.001V | fw=1.1.100 | uplink=cellular | note=auto_log gpio sw=1 key=1 gp20=0 gp21=0
  Aug 11, 2026 5:44 AM | mode=key_on | eng=12.634V | house=0.001V | fw=1.1.100 | uplink=cellular | note=auto_log gpio sw=1 key=1 gp20=0 gp21=0
  Aug 11, 2026 5:42 AM | mode=key_on | eng=12.634V | house=0.002V | fw=1.1.100 | uplink=cellular | note=auto_log gpio sw=1 key=1 gp20=0 gp21=0
  Aug 11, 2026 5:39 AM | mode=key_on | eng=12.638V | house=0V | fw=1.1.100 | uplink=cellular | note=auto_log gpio sw=1 key=1 gp20=0 gp21=0
  Aug 11, 2026 5:37 AM | mode=key_on | eng=12.478V | house=0.001V | fw=1.1.100 | uplink=cellular | note=auto_log gpio sw=1 key=1 gp20=0 gp21=0
  Aug 11, 2026 5:35 AM | mode=key_on | eng=12.639V | house=0.001V | fw=1.1.100 | uplink=cellular | note=auto_log gpio sw=1 key=1 gp20=0 gp21=0
  Aug 11, 2026 5:33 AM | mode=key_on | eng=12.638V | house=0.002V | fw=1.1.100 | uplink=cellular | note=auto_log gpio sw=1 key=1 gp20=0 gp21=0
  Aug 11, 2026 5:31 AM | mode=key_on | eng=12.638V | house=0.002V | fw=1.1.100 | uplink=cellular | note=auto_log gpio sw=1 key=1 gp20=0 gp21=0
--- harness log tail ---
OK: release 1.1.101 (manifest + version.py)
OK: GitHub raw master manifest matches
OK: manifest 1 runtime files (~0 KB source)
OK: release 1.1.101 (manifest + version.py)
OK: manifest 1 runtime files (~0 KB source)
OK: release 1.1.101 (manifest + version.py)
OK: GitHub raw master manifest matches
OK: interval_engine_on_s = 60
OK: interval_engine_off_s = 300
OK: boot_ota_max_seconds = 420
OK: min_fw_version = 1.1.101
Sheet updated. Pico OTA when current < min_fw after master manifest ships.
--- harness process ---
397101 /bin/bash -l -c python3 boat_monitor/ota_stress_harness.py --rounds 5 --no-bootstrap 2>&1 | tee boat_monitor/ota_stress_run2.log
397898 python3 boat_monitor/ota_stress_harness.py --rounds 5 --no-bootstrap
Monitor done (6 updates).

============================================================
MONITOR update 1/12 @ 2026-08-11 14:02:51Z
============================================================
=== Power_Log (last 30 boat-p2) ===
header: ['timestamp_utc', 'device', 'mode', 'engine_v', 'engine_a', 'house_v', 'house_a', 'v50_v', 'v50_a', 'v50_mah_used', 'v50_pct_remain', 'fw', 'uplink', 'note']
total rows: 895
  Aug 11, 2026 7:02 AM | mode=key_on | eng=12.612V | house=0.001V | fw=1.1.101 | uplink=cellular | note=auto_log gpio sw=1 key=1 gp20=0 gp21=0
  Aug 11, 2026 6:20 AM | mode=key_on | eng=12.592V | house=0.002V | fw=1.1.100 | uplink=cellular | note=auto_log gpio sw=1 key=1 gp20=0 gp21=0
  Aug 11, 2026 6:14 AM | mode=key_on | eng=12.598V | house=0.001V | fw=1.1.100 | uplink=cellular | note=auto_log gpio sw=1 key=1 gp20=0 gp21=0
  Aug 11, 2026 6:06 AM | mode=key_on | eng=12.628V | house=0V | fw=1.1.100 | uplink=cellular | note=auto_log gpio sw=1 key=1 gp20=0 gp21=0
  Aug 11, 2026 6:03 AM | mode=key_on | eng=12.629V | house=0.001V | fw=1.1.100 | uplink=cellular | note=auto_log gpio sw=1 key=1 gp20=0 gp21=0
  Aug 11, 2026 6:01 AM | mode=key_on | eng=12.638V | house=0V | fw=1.1.100 | uplink=cellular | note=auto_log gpio sw=1 key=1 gp20=0 gp21=0
  Aug 11, 2026 5:59 AM | mode=key_on | eng=12.479V | house=0.001V | fw=1.1.100 | uplink=cellular | note=auto_log gpio sw=1 key=1 gp20=0 gp21=0
  Aug 11, 2026 5:57 AM | mode=key_on | eng=12.632V | house=0.002V | fw=1.1.100 | uplink=cellular | note=auto_log gpio sw=1 key=1 gp20=0 gp21=0
  Aug 11, 2026 5:54 AM | mode=key_on | eng=12.632V | house=0V | fw=1.1.100 | uplink=cellular | note=auto_log gpio sw=1 key=1 gp20=0 gp21=0
  Aug 11, 2026 5:52 AM | mode=key_on | eng=12.634V | house=0V | fw=1.1.100 | uplink=cellular | note=auto_log gpio sw=1 key=1 gp20=0 gp21=0
  Aug 11, 2026 5:50 AM | mode=key_on | eng=12.634V | house=0.001V | fw=1.1.100 | uplink=cellular | note=auto_log gpio sw=1 key=1 gp20=0 gp21=0
  Aug 11, 2026 5:48 AM | mode=key_on | eng=12.632V | house=0V | fw=1.1.100 | uplink=cellular | note=auto_log gpio sw=1 key=1 gp20=0 gp21=0
  Aug 11, 2026 5:46 AM | mode=key_on | eng=12.634V | house=0.001V | fw=1.1.100 | uplink=cellular | note=auto_log gpio sw=1 key=1 gp20=0 gp21=0
  Aug 11, 2026 5:44 AM | mode=key_on | eng=12.634V | house=0.001V | fw=1.1.100 | uplink=cellular | note=auto_log gpio sw=1 key=1 gp20=0 gp21=0
  Aug 11, 2026 5:42 AM | mode=key_on | eng=12.634V | house=0.002V | fw=1.1.100 | uplink=cellular | note=auto_log gpio sw=1 key=1 gp20=0 gp21=0
  Aug 11, 2026 5:39 AM | mode=key_on | eng=12.638V | house=0V | fw=1.1.100 | uplink=cellular | note=auto_log gpio sw=1 key=1 gp20=0 gp21=0
  Aug 11, 2026 5:37 AM | mode=key_on | eng=12.478V | house=0.001V | fw=1.1.100 | uplink=cellular | note=auto_log gpio sw=1 key=1 gp20=0 gp21=0
  Aug 11, 2026 5:35 AM | mode=key_on | eng=12.639V | house=0.001V | fw=1.1.100 | uplink=cellular | note=auto_log gpio sw=1 key=1 gp20=0 gp21=0
  Aug 11, 2026 5:33 AM | mode=key_on | eng=12.638V | house=0.002V | fw=1.1.100 | uplink=cellular | note=auto_log gpio sw=1 key=1 gp20=0 gp21=0
--- harness log tail ---
Local master version: 1.1.101
OK: sheet preflight (recovery keys + cleared one-shots)
--- harness process ---
401869 /bin/bash -l -c PYTHONUNBUFFERED=1 python3 boat_monitor/ota_stress_harness.py --rounds 4 --no-bootstrap 2>&1 | tee boat_monitor/ota_stress_run3.log
402368 python3 boat_monitor/ota_stress_harness.py --rounds 4 --no-bootstrap

============================================================
MONITOR update 2/12 @ 2026-08-11 14:07:52Z
============================================================
=== Power_Log (last 30 boat-p2) ===
header: ['timestamp_utc', 'device', 'mode', 'engine_v', 'engine_a', 'house_v', 'house_a', 'v50_v', 'v50_a', 'v50_mah_used', 'v50_pct_remain', 'fw', 'uplink', 'note']
total rows: 895
  Aug 11, 2026 7:02 AM | mode=key_on | eng=12.612V | house=0.001V | fw=1.1.101 | uplink=cellular | note=auto_log gpio sw=1 key=1 gp20=0 gp21=0
  Aug 11, 2026 6:20 AM | mode=key_on | eng=12.592V | house=0.002V | fw=1.1.100 | uplink=cellular | note=auto_log gpio sw=1 key=1 gp20=0 gp21=0
  Aug 11, 2026 6:14 AM | mode=key_on | eng=12.598V | house=0.001V | fw=1.1.100 | uplink=cellular | note=auto_log gpio sw=1 key=1 gp20=0 gp21=0
  Aug 11, 2026 6:06 AM | mode=key_on | eng=12.628V | house=0V | fw=1.1.100 | uplink=cellular | note=auto_log gpio sw=1 key=1 gp20=0 gp21=0
  Aug 11, 2026 6:03 AM | mode=key_on | eng=12.629V | house=0.001V | fw=1.1.100 | uplink=cellular | note=auto_log gpio sw=1 key=1 gp20=0 gp21=0
  Aug 11, 2026 6:01 AM | mode=key_on | eng=12.638V | house=0V | fw=1.1.100 | uplink=cellular | note=auto_log gpio sw=1 key=1 gp20=0 gp21=0
  Aug 11, 2026 5:59 AM | mode=key_on | eng=12.479V | house=0.001V | fw=1.1.100 | uplink=cellular | note=auto_log gpio sw=1 key=1 gp20=0 gp21=0
  Aug 11, 2026 5:57 AM | mode=key_on | eng=12.632V | house=0.002V | fw=1.1.100 | uplink=cellular | note=auto_log gpio sw=1 key=1 gp20=0 gp21=0
  Aug 11, 2026 5:54 AM | mode=key_on | eng=12.632V | house=0V | fw=1.1.100 | uplink=cellular | note=auto_log gpio sw=1 key=1 gp20=0 gp21=0
  Aug 11, 2026 5:52 AM | mode=key_on | eng=12.634V | house=0V | fw=1.1.100 | uplink=cellular | note=auto_log gpio sw=1 key=1 gp20=0 gp21=0
  Aug 11, 2026 5:50 AM | mode=key_on | eng=12.634V | house=0.001V | fw=1.1.100 | uplink=cellular | note=auto_log gpio sw=1 key=1 gp20=0 gp21=0
  Aug 11, 2026 5:48 AM | mode=key_on | eng=12.632V | house=0V | fw=1.1.100 | uplink=cellular | note=auto_log gpio sw=1 key=1 gp20=0 gp21=0
  Aug 11, 2026 5:46 AM | mode=key_on | eng=12.634V | house=0.001V | fw=1.1.100 | uplink=cellular | note=auto_log gpio sw=1 key=1 gp20=0 gp21=0
  Aug 11, 2026 5:44 AM | mode=key_on | eng=12.634V | house=0.001V | fw=1.1.100 | uplink=cellular | note=auto_log gpio sw=1 key=1 gp20=0 gp21=0
  Aug 11, 2026 5:42 AM | mode=key_on | eng=12.634V | house=0.002V | fw=1.1.100 | uplink=cellular | note=auto_log gpio sw=1 key=1 gp20=0 gp21=0
  Aug 11, 2026 5:39 AM | mode=key_on | eng=12.638V | house=0V | fw=1.1.100 | uplink=cellular | note=auto_log gpio sw=1 key=1 gp20=0 gp21=0
  Aug 11, 2026 5:37 AM | mode=key_on | eng=12.478V | house=0.001V | fw=1.1.100 | uplink=cellular | note=auto_log gpio sw=1 key=1 gp20=0 gp21=0
  Aug 11, 2026 5:35 AM | mode=key_on | eng=12.639V | house=0.001V | fw=1.1.100 | uplink=cellular | note=auto_log gpio sw=1 key=1 gp20=0 gp21=0
  Aug 11, 2026 5:33 AM | mode=key_on | eng=12.638V | house=0.002V | fw=1.1.100 | uplink=cellular | note=auto_log gpio sw=1 key=1 gp20=0 gp21=0
--- harness log tail ---
Sheet updated. Pico OTA when current < min_fw after master manifest ships.
  … waiting fw=1.1.102 (last 1.1.101 @ Aug 11, 2026 7:02 AM) +0s boot_start=True
  … waiting fw=1.1.102 (last 1.1.101 @ Aug 11, 2026 7:02 AM) +31s boot_start=True
  … waiting fw=1.1.102 (last 1.1.101 @ Aug 11, 2026 7:02 AM) +63s boot_start=True
  … waiting fw=1.1.102 (last 1.1.101 @ Aug 11, 2026 7:02 AM) +94s boot_start=True
  … waiting fw=1.1.102 (last 1.1.101 @ Aug 11, 2026 7:02 AM) +125s boot_start=True
  … waiting fw=1.1.102 (last 1.1.101 @ Aug 11, 2026 7:02 AM) +156s boot_start=True
  … boot_ota success for 1.1.102 (waiting Power_Log confirm, grace 900s)
  … waiting fw=1.1.102 (last 1.1.101 @ Aug 11, 2026 7:02 AM) +187s boot_start=True ota_ok+0s
  … waiting fw=1.1.102 (last 1.1.101 @ Aug 11, 2026 7:02 AM) +218s boot_start=True ota_ok+31s
  … waiting fw=1.1.102 (last 1.1.101 @ Aug 11, 2026 7:02 AM) +249s boot_start=True ota_ok+62s
  … waiting fw=1.1.102 (last 1.1.101 @ Aug 11, 2026 7:02 AM) +280s boot_start=True ota_ok+93s
--- harness process ---
401869 /bin/bash -l -c PYTHONUNBUFFERED=1 python3 boat_monitor/ota_stress_harness.py --rounds 4 --no-bootstrap 2>&1 | tee boat_monitor/ota_stress_run3.log
402368 python3 boat_monitor/ota_stress_harness.py --rounds 4 --no-bootstrap
404706 /bin/bash -O extglob -c snap=$(command cat <&3) && builtin shopt -s extglob && builtin eval -- "$snap" && { builtin set +u 2>/dev/null || true; builtin eval "${__CURSOR_SANDBOX_ENV_RESTORE:-}" 2>/dev/null; builtin export PWD="$(builtin pwd)"; builtin shopt -s expand_aliases 2>/dev/null; builtin eval "$1" < /dev/null; }; COMMAND_EXIT_CODE=$?; dump_bash_state >&4; builtin exit $COMMAND_EXIT_CODE -- for i in 1 2 3; do   echo "=== POLL $i @ $(date -u +%H:%M:%SZ) ==="   grep -E "ROUND |waiting fw=1\.1\.|ROUND RESULT|Stopping|boot_ota success for" /workspace/boat_monitor/ota_stress_run3.log 2>/dev/null | tail -8   python3 -c " import sys sys.path.insert(0,'boat_monitor') from sheets_bootstrap import SCOPES,_credentials_path,_sheet_id from googleapiclient.discovery import build from google.oauth2.service_account import Credentials c=Credentials.from_service_account_file(_credentials_path(),scopes=SCOPES) s=build('sheets','v4',credentials=c,cache_discovery=False) sid=_sheet_id(c) cfg={r[0]:r[1] for r in s.spreadsheets().values().get(spreadsheetId=sid,range='Config!A2:C').execute().get('values',[]) if r} rows=s.spreadsheets().values().get(spreadsheetId=sid,range='Power_Log!A2:N').execute().get('values',[]) hdr=s.spreadsheets().values().get(spreadsheetId=sid,range='Power_Log!1:1').execute().get('values',[[]])[0] fi=hdr.index('fw') r=rows[-1] print('min_fw',cfg.get('min_fw_version'),'| PL',r[0],r[fi] if len(r)>fi else '','key_on') ev=s.spreadsheets().values().get(spreadsheetId=sid,range='Events!A2:D').execute().get('values',[]) for row in ev[-3:]:     if row[1]=='boat-p2' and 'ota' in row[2] or 'boot' in row[2]:         print('EV',row[0],row[2],row[3][:70]) " 2>/dev/null   pgrep -f 'ota_stress_harness.py --rounds 4' >/dev/null && echo "harness: running" || echo "harness: STOPPED"   if [ $i -lt 3 ]; then sleep 300; fi done

============================================================
MONITOR update 3/12 @ 2026-08-11 14:12:53Z
============================================================
=== Power_Log (last 30 boat-p2) ===
header: ['timestamp_utc', 'device', 'mode', 'engine_v', 'engine_a', 'house_v', 'house_a', 'v50_v', 'v50_a', 'v50_mah_used', 'v50_pct_remain', 'fw', 'uplink', 'note']
total rows: 897
  Aug 11, 2026 7:10 AM | mode=key_on | eng=12.609V | house=0V | fw=1.1.102 | uplink=cellular | note=auto_log gpio sw=1 key=1 gp20=0 gp21=0
  Aug 11, 2026 7:08 AM | mode=key_on | eng=12.609V | house=0V | fw=1.1.102 | uplink=cellular | note=auto_log gpio sw=1 key=1 gp20=0 gp21=0
  Aug 11, 2026 7:02 AM | mode=key_on | eng=12.612V | house=0.001V | fw=1.1.101 | uplink=cellular | note=auto_log gpio sw=1 key=1 gp20=0 gp21=0
  Aug 11, 2026 6:20 AM | mode=key_on | eng=12.592V | house=0.002V | fw=1.1.100 | uplink=cellular | note=auto_log gpio sw=1 key=1 gp20=0 gp21=0
  Aug 11, 2026 6:14 AM | mode=key_on | eng=12.598V | house=0.001V | fw=1.1.100 | uplink=cellular | note=auto_log gpio sw=1 key=1 gp20=0 gp21=0
  Aug 11, 2026 6:06 AM | mode=key_on | eng=12.628V | house=0V | fw=1.1.100 | uplink=cellular | note=auto_log gpio sw=1 key=1 gp20=0 gp21=0
  Aug 11, 2026 6:03 AM | mode=key_on | eng=12.629V | house=0.001V | fw=1.1.100 | uplink=cellular | note=auto_log gpio sw=1 key=1 gp20=0 gp21=0
  Aug 11, 2026 6:01 AM | mode=key_on | eng=12.638V | house=0V | fw=1.1.100 | uplink=cellular | note=auto_log gpio sw=1 key=1 gp20=0 gp21=0
  Aug 11, 2026 5:59 AM | mode=key_on | eng=12.479V | house=0.001V | fw=1.1.100 | uplink=cellular | note=auto_log gpio sw=1 key=1 gp20=0 gp21=0
  Aug 11, 2026 5:57 AM | mode=key_on | eng=12.632V | house=0.002V | fw=1.1.100 | uplink=cellular | note=auto_log gpio sw=1 key=1 gp20=0 gp21=0
  Aug 11, 2026 5:54 AM | mode=key_on | eng=12.632V | house=0V | fw=1.1.100 | uplink=cellular | note=auto_log gpio sw=1 key=1 gp20=0 gp21=0
  Aug 11, 2026 5:52 AM | mode=key_on | eng=12.634V | house=0V | fw=1.1.100 | uplink=cellular | note=auto_log gpio sw=1 key=1 gp20=0 gp21=0
  Aug 11, 2026 5:50 AM | mode=key_on | eng=12.634V | house=0.001V | fw=1.1.100 | uplink=cellular | note=auto_log gpio sw=1 key=1 gp20=0 gp21=0
  Aug 11, 2026 5:48 AM | mode=key_on | eng=12.632V | house=0V | fw=1.1.100 | uplink=cellular | note=auto_log gpio sw=1 key=1 gp20=0 gp21=0
  Aug 11, 2026 5:46 AM | mode=key_on | eng=12.634V | house=0.001V | fw=1.1.100 | uplink=cellular | note=auto_log gpio sw=1 key=1 gp20=0 gp21=0
  Aug 11, 2026 5:44 AM | mode=key_on | eng=12.634V | house=0.001V | fw=1.1.100 | uplink=cellular | note=auto_log gpio sw=1 key=1 gp20=0 gp21=0
  Aug 11, 2026 5:42 AM | mode=key_on | eng=12.634V | house=0.002V | fw=1.1.100 | uplink=cellular | note=auto_log gpio sw=1 key=1 gp20=0 gp21=0
  Aug 11, 2026 5:39 AM | mode=key_on | eng=12.638V | house=0V | fw=1.1.100 | uplink=cellular | note=auto_log gpio sw=1 key=1 gp20=0 gp21=0
  Aug 11, 2026 5:37 AM | mode=key_on | eng=12.478V | house=0.001V | fw=1.1.100 | uplink=cellular | note=auto_log gpio sw=1 key=1 gp20=0 gp21=0
--- harness log tail ---
OK: release 1.1.103 (manifest + version.py)
OK: GitHub raw master manifest matches
OK: interval_engine_on_s = 60
OK: interval_engine_off_s = 300
OK: boot_ota_max_seconds = 420
OK: min_fw_version = 1.1.103
Sheet updated. Pico OTA when current < min_fw after master manifest ships.
  … waiting fw=1.1.103 (last 1.1.102 @ Aug 11, 2026 7:08 AM) +1s boot_start=True
  … waiting fw=1.1.103 (last 1.1.102 @ Aug 11, 2026 7:10 AM) +32s boot_start=True
  … waiting fw=1.1.103 (last 1.1.102 @ Aug 11, 2026 7:10 AM) +63s boot_start=True
  … waiting fw=1.1.103 (last 1.1.102 @ Aug 11, 2026 7:10 AM) +94s boot_start=True
  … waiting fw=1.1.103 (last 1.1.102 @ Aug 11, 2026 7:10 AM) +125s boot_start=True
--- harness process ---
401869 /bin/bash -l -c PYTHONUNBUFFERED=1 python3 boat_monitor/ota_stress_harness.py --rounds 4 --no-bootstrap 2>&1 | tee boat_monitor/ota_stress_run3.log
402368 python3 boat_monitor/ota_stress_harness.py --rounds 4 --no-bootstrap
404706 /bin/bash -O extglob -c snap=$(command cat <&3) && builtin shopt -s extglob && builtin eval -- "$snap" && { builtin set +u 2>/dev/null || true; builtin eval "${__CURSOR_SANDBOX_ENV_RESTORE:-}" 2>/dev/null; builtin export PWD="$(builtin pwd)"; builtin shopt -s expand_aliases 2>/dev/null; builtin eval "$1" < /dev/null; }; COMMAND_EXIT_CODE=$?; dump_bash_state >&4; builtin exit $COMMAND_EXIT_CODE -- for i in 1 2 3; do   echo "=== POLL $i @ $(date -u +%H:%M:%SZ) ==="   grep -E "ROUND |waiting fw=1\.1\.|ROUND RESULT|Stopping|boot_ota success for" /workspace/boat_monitor/ota_stress_run3.log 2>/dev/null | tail -8   python3 -c " import sys sys.path.insert(0,'boat_monitor') from sheets_bootstrap import SCOPES,_credentials_path,_sheet_id from googleapiclient.discovery import build from google.oauth2.service_account import Credentials c=Credentials.from_service_account_file(_credentials_path(),scopes=SCOPES) s=build('sheets','v4',credentials=c,cache_discovery=False) sid=_sheet_id(c) cfg={r[0]:r[1] for r in s.spreadsheets().values().get(spreadsheetId=sid,range='Config!A2:C').execute().get('values',[]) if r} rows=s.spreadsheets().values().get(spreadsheetId=sid,range='Power_Log!A2:N').execute().get('values',[]) hdr=s.spreadsheets().values().get(spreadsheetId=sid,range='Power_Log!1:1').execute().get('values',[[]])[0] fi=hdr.index('fw') r=rows[-1] print('min_fw',cfg.get('min_fw_version'),'| PL',r[0],r[fi] if len(r)>fi else '','key_on') ev=s.spreadsheets().values().get(spreadsheetId=sid,range='Events!A2:D').execute().get('values',[]) for row in ev[-3:]:     if row[1]=='boat-p2' and 'ota' in row[2] or 'boot' in row[2]:         print('EV',row[0],row[2],row[3][:70]) " 2>/dev/null   pgrep -f 'ota_stress_harness.py --rounds 4' >/dev/null && echo "harness: running" || echo "harness: STOPPED"   if [ $i -lt 3 ]; then sleep 300; fi done

============================================================
MONITOR update 4/12 @ 2026-08-11 14:17:54Z
============================================================
=== Power_Log (last 30 boat-p2) ===
header: ['timestamp_utc', 'device', 'mode', 'engine_v', 'engine_a', 'house_v', 'house_a', 'v50_v', 'v50_a', 'v50_mah_used', 'v50_pct_remain', 'fw', 'uplink', 'note']
total rows: 898
  Aug 11, 2026 7:16 AM | mode=key_on | eng=12.608V | house=0V | fw=1.1.103 | uplink=cellular | note=auto_log gpio sw=1 key=1 gp20=0 gp21=0
  Aug 11, 2026 7:10 AM | mode=key_on | eng=12.609V | house=0V | fw=1.1.102 | uplink=cellular | note=auto_log gpio sw=1 key=1 gp20=0 gp21=0
  Aug 11, 2026 7:08 AM | mode=key_on | eng=12.609V | house=0V | fw=1.1.102 | uplink=cellular | note=auto_log gpio sw=1 key=1 gp20=0 gp21=0
  Aug 11, 2026 7:02 AM | mode=key_on | eng=12.612V | house=0.001V | fw=1.1.101 | uplink=cellular | note=auto_log gpio sw=1 key=1 gp20=0 gp21=0
  Aug 11, 2026 6:20 AM | mode=key_on | eng=12.592V | house=0.002V | fw=1.1.100 | uplink=cellular | note=auto_log gpio sw=1 key=1 gp20=0 gp21=0
  Aug 11, 2026 6:14 AM | mode=key_on | eng=12.598V | house=0.001V | fw=1.1.100 | uplink=cellular | note=auto_log gpio sw=1 key=1 gp20=0 gp21=0
  Aug 11, 2026 6:06 AM | mode=key_on | eng=12.628V | house=0V | fw=1.1.100 | uplink=cellular | note=auto_log gpio sw=1 key=1 gp20=0 gp21=0
  Aug 11, 2026 6:03 AM | mode=key_on | eng=12.629V | house=0.001V | fw=1.1.100 | uplink=cellular | note=auto_log gpio sw=1 key=1 gp20=0 gp21=0
  Aug 11, 2026 6:01 AM | mode=key_on | eng=12.638V | house=0V | fw=1.1.100 | uplink=cellular | note=auto_log gpio sw=1 key=1 gp20=0 gp21=0
  Aug 11, 2026 5:59 AM | mode=key_on | eng=12.479V | house=0.001V | fw=1.1.100 | uplink=cellular | note=auto_log gpio sw=1 key=1 gp20=0 gp21=0
  Aug 11, 2026 5:57 AM | mode=key_on | eng=12.632V | house=0.002V | fw=1.1.100 | uplink=cellular | note=auto_log gpio sw=1 key=1 gp20=0 gp21=0
  Aug 11, 2026 5:54 AM | mode=key_on | eng=12.632V | house=0V | fw=1.1.100 | uplink=cellular | note=auto_log gpio sw=1 key=1 gp20=0 gp21=0
  Aug 11, 2026 5:52 AM | mode=key_on | eng=12.634V | house=0V | fw=1.1.100 | uplink=cellular | note=auto_log gpio sw=1 key=1 gp20=0 gp21=0
  Aug 11, 2026 5:50 AM | mode=key_on | eng=12.634V | house=0.001V | fw=1.1.100 | uplink=cellular | note=auto_log gpio sw=1 key=1 gp20=0 gp21=0
  Aug 11, 2026 5:48 AM | mode=key_on | eng=12.632V | house=0V | fw=1.1.100 | uplink=cellular | note=auto_log gpio sw=1 key=1 gp20=0 gp21=0
  Aug 11, 2026 5:46 AM | mode=key_on | eng=12.634V | house=0.001V | fw=1.1.100 | uplink=cellular | note=auto_log gpio sw=1 key=1 gp20=0 gp21=0
  Aug 11, 2026 5:44 AM | mode=key_on | eng=12.634V | house=0.001V | fw=1.1.100 | uplink=cellular | note=auto_log gpio sw=1 key=1 gp20=0 gp21=0
  Aug 11, 2026 5:42 AM | mode=key_on | eng=12.634V | house=0.002V | fw=1.1.100 | uplink=cellular | note=auto_log gpio sw=1 key=1 gp20=0 gp21=0
  Aug 11, 2026 5:39 AM | mode=key_on | eng=12.638V | house=0V | fw=1.1.100 | uplink=cellular | note=auto_log gpio sw=1 key=1 gp20=0 gp21=0
--- harness log tail ---
    {
      "from_fw": "1.1.102",
      "to_fw": "1.1.103",
      "last_log_old_fw": "Aug 11, 2026 7:10 AM",
      "first_log_new_fw": "Aug 11, 2026 7:16 AM",
      "inferred_ota_window_s": 360
    }
  ],
  "ota_action_stall_samples": [],
  "telemetry_gap": false
}
Round cooldown 90s before next ship...
--- harness process ---
401869 /bin/bash -l -c PYTHONUNBUFFERED=1 python3 boat_monitor/ota_stress_harness.py --rounds 4 --no-bootstrap 2>&1 | tee boat_monitor/ota_stress_run3.log
402368 python3 boat_monitor/ota_stress_harness.py --rounds 4 --no-bootstrap
405223 /bin/bash -l -c for i in $(seq 1 9); do echo "=== STATUS $i/9 $(date -u +%H:%M:%SZ) ===" >> boat_monitor/ota_stress_status.log; grep -E "^ROUND |ROUND [0-9]/4|\"success\":|Stopping stress" boat_monitor/ota_stress_run3.log | tail -6 >> boat_monitor/ota_stress_status.log; python3 -c "import sys;sys.path.insert(0,\"boat_monitor\");from sheets_bootstrap import SCOPES,_credentials_path,_sheet_id;from googleapiclient.discovery import build;from google.oauth2.service_account import Credentials;c=Credentials.from_service_account_file(_credentials_path(),scopes=SCOPES);s=build(\"sheets\",\"v4\",credentials=c,cache_discovery=False);sid=_sheet_id(c);cfg={r[0]:r[1] for r in s.spreadsheets().values().get(spreadsheetId=sid,range=\"Config!A2:C\").execute().get(\"values\",[]) if r};rows=s.spreadsheets().values().get(spreadsheetId=sid,range=\"Power_Log!A2:N\").execute().get(\"values\",[]);hdr=s.spreadsheets().values().get(spreadsheetId=sid,range=\"Power_Log!1:1\").execute().get(\"values\",[[[]]][0]);fi=hdr.index(\"fw\");r=rows[-1];print(\"min_fw\",cfg.get(\"min_fw_version\"),\"PL\",r[0],r[fi])" >> boat_monitor/ota_stress_status.log 2>&1; pgrep -f "ota_stress_harness.py --rounds 4" >/dev/null && echo "harness running" >> boat_monitor/ota_stress_status.log || echo "harness STOPPED" >> boat_monitor/ota_stress_status.log; sleep 300; done; echo "DONE" >> boat_monitor/ota_stress_status.log

============================================================
MONITOR update 5/12 @ 2026-08-11 14:22:55Z
============================================================
=== Power_Log (last 30 boat-p2) ===
header: ['timestamp_utc', 'device', 'mode', 'engine_v', 'engine_a', 'house_v', 'house_a', 'v50_v', 'v50_a', 'v50_mah_used', 'v50_pct_remain', 'fw', 'uplink', 'note']
total rows: 899
  Aug 11, 2026 7:18 AM | mode=key_on | eng=12.609V | house=0V | fw=1.1.103 | uplink=cellular | note=auto_log gpio sw=1 key=1 gp20=0 gp21=0
  Aug 11, 2026 7:16 AM | mode=key_on | eng=12.608V | house=0V | fw=1.1.103 | uplink=cellular | note=auto_log gpio sw=1 key=1 gp20=0 gp21=0
  Aug 11, 2026 7:10 AM | mode=key_on | eng=12.609V | house=0V | fw=1.1.102 | uplink=cellular | note=auto_log gpio sw=1 key=1 gp20=0 gp21=0
  Aug 11, 2026 7:08 AM | mode=key_on | eng=12.609V | house=0V | fw=1.1.102 | uplink=cellular | note=auto_log gpio sw=1 key=1 gp20=0 gp21=0
  Aug 11, 2026 7:02 AM | mode=key_on | eng=12.612V | house=0.001V | fw=1.1.101 | uplink=cellular | note=auto_log gpio sw=1 key=1 gp20=0 gp21=0
  Aug 11, 2026 6:20 AM | mode=key_on | eng=12.592V | house=0.002V | fw=1.1.100 | uplink=cellular | note=auto_log gpio sw=1 key=1 gp20=0 gp21=0
  Aug 11, 2026 6:14 AM | mode=key_on | eng=12.598V | house=0.001V | fw=1.1.100 | uplink=cellular | note=auto_log gpio sw=1 key=1 gp20=0 gp21=0
  Aug 11, 2026 6:06 AM | mode=key_on | eng=12.628V | house=0V | fw=1.1.100 | uplink=cellular | note=auto_log gpio sw=1 key=1 gp20=0 gp21=0
  Aug 11, 2026 6:03 AM | mode=key_on | eng=12.629V | house=0.001V | fw=1.1.100 | uplink=cellular | note=auto_log gpio sw=1 key=1 gp20=0 gp21=0
  Aug 11, 2026 6:01 AM | mode=key_on | eng=12.638V | house=0V | fw=1.1.100 | uplink=cellular | note=auto_log gpio sw=1 key=1 gp20=0 gp21=0
  Aug 11, 2026 5:59 AM | mode=key_on | eng=12.479V | house=0.001V | fw=1.1.100 | uplink=cellular | note=auto_log gpio sw=1 key=1 gp20=0 gp21=0
  Aug 11, 2026 5:57 AM | mode=key_on | eng=12.632V | house=0.002V | fw=1.1.100 | uplink=cellular | note=auto_log gpio sw=1 key=1 gp20=0 gp21=0
  Aug 11, 2026 5:54 AM | mode=key_on | eng=12.632V | house=0V | fw=1.1.100 | uplink=cellular | note=auto_log gpio sw=1 key=1 gp20=0 gp21=0
  Aug 11, 2026 5:52 AM | mode=key_on | eng=12.634V | house=0V | fw=1.1.100 | uplink=cellular | note=auto_log gpio sw=1 key=1 gp20=0 gp21=0
  Aug 11, 2026 5:50 AM | mode=key_on | eng=12.634V | house=0.001V | fw=1.1.100 | uplink=cellular | note=auto_log gpio sw=1 key=1 gp20=0 gp21=0
  Aug 11, 2026 5:48 AM | mode=key_on | eng=12.632V | house=0V | fw=1.1.100 | uplink=cellular | note=auto_log gpio sw=1 key=1 gp20=0 gp21=0
  Aug 11, 2026 5:46 AM | mode=key_on | eng=12.634V | house=0.001V | fw=1.1.100 | uplink=cellular | note=auto_log gpio sw=1 key=1 gp20=0 gp21=0
  Aug 11, 2026 5:44 AM | mode=key_on | eng=12.634V | house=0.001V | fw=1.1.100 | uplink=cellular | note=auto_log gpio sw=1 key=1 gp20=0 gp21=0
  Aug 11, 2026 5:42 AM | mode=key_on | eng=12.634V | house=0.002V | fw=1.1.100 | uplink=cellular | note=auto_log gpio sw=1 key=1 gp20=0 gp21=0
--- harness log tail ---
OK: min_fw_version = 1.1.104
Sheet updated. Pico OTA when current < min_fw after master manifest ships.
  … waiting fw=1.1.104 (last 1.1.103 @ Aug 11, 2026 7:16 AM) +0s boot_start=True
  … waiting fw=1.1.104 (last 1.1.103 @ Aug 11, 2026 7:18 AM) +31s boot_start=True
  … waiting fw=1.1.104 (last 1.1.103 @ Aug 11, 2026 7:18 AM) +62s boot_start=True
  … waiting fw=1.1.104 (last 1.1.103 @ Aug 11, 2026 7:18 AM) +93s boot_start=True
  … waiting fw=1.1.104 (last 1.1.103 @ Aug 11, 2026 7:18 AM) +124s boot_start=True
  … waiting fw=1.1.104 (last 1.1.103 @ Aug 11, 2026 7:18 AM) +155s boot_start=True
  … waiting fw=1.1.104 (last 1.1.103 @ Aug 11, 2026 7:18 AM) +186s boot_start=True
  … waiting fw=1.1.104 (last 1.1.103 @ Aug 11, 2026 7:18 AM) +217s boot_start=True
  … boot_ota success for 1.1.104 (waiting Power_Log confirm, grace 900s)
  … waiting fw=1.1.104 (last 1.1.103 @ Aug 11, 2026 7:18 AM) +248s boot_start=True ota_ok+0s
--- harness process ---
401869 /bin/bash -l -c PYTHONUNBUFFERED=1 python3 boat_monitor/ota_stress_harness.py --rounds 4 --no-bootstrap 2>&1 | tee boat_monitor/ota_stress_run3.log
402368 python3 boat_monitor/ota_stress_harness.py --rounds 4 --no-bootstrap
405223 /bin/bash -l -c for i in $(seq 1 9); do echo "=== STATUS $i/9 $(date -u +%H:%M:%SZ) ===" >> boat_monitor/ota_stress_status.log; grep -E "^ROUND |ROUND [0-9]/4|\"success\":|Stopping stress" boat_monitor/ota_stress_run3.log | tail -6 >> boat_monitor/ota_stress_status.log; python3 -c "import sys;sys.path.insert(0,\"boat_monitor\");from sheets_bootstrap import SCOPES,_credentials_path,_sheet_id;from googleapiclient.discovery import build;from google.oauth2.service_account import Credentials;c=Credentials.from_service_account_file(_credentials_path(),scopes=SCOPES);s=build(\"sheets\",\"v4\",credentials=c,cache_discovery=False);sid=_sheet_id(c);cfg={r[0]:r[1] for r in s.spreadsheets().values().get(spreadsheetId=sid,range=\"Config!A2:C\").execute().get(\"values\",[]) if r};rows=s.spreadsheets().values().get(spreadsheetId=sid,range=\"Power_Log!A2:N\").execute().get(\"values\",[]);hdr=s.spreadsheets().values().get(spreadsheetId=sid,range=\"Power_Log!1:1\").execute().get(\"values\",[[[]]][0]);fi=hdr.index(\"fw\");r=rows[-1];print(\"min_fw\",cfg.get(\"min_fw_version\"),\"PL\",r[0],r[fi])" >> boat_monitor/ota_stress_status.log 2>&1; pgrep -f "ota_stress_harness.py --rounds 4" >/dev/null && echo "harness running" >> boat_monitor/ota_stress_status.log || echo "harness STOPPED" >> boat_monitor/ota_stress_status.log; sleep 300; done; echo "DONE" >> boat_monitor/ota_stress_status.log

============================================================
MONITOR update 6/12 @ 2026-08-11 14:46:13Z
============================================================
=== Power_Log (last 30 boat-p2) ===
header: ['timestamp_utc', 'device', 'mode', 'engine_v', 'engine_a', 'house_v', 'house_a', 'v50_v', 'v50_a', 'v50_mah_used', 'v50_pct_remain', 'fw', 'uplink', 'note']
total rows: 907
  Aug 11, 2026 7:44 AM | mode=key_on | eng=12.598V | house=0.001V | fw=1.1.105 | uplink=cellular | note=auto_log gpio sw=1 key=1 gp20=0 gp21=0
  Aug 11, 2026 7:42 AM | mode=key_on | eng=12.599V | house=0V | fw=1.1.105 | uplink=cellular | note=auto_log gpio sw=1 key=1 gp20=0 gp21=0
  Aug 11, 2026 7:40 AM | mode=key_on | eng=12.602V | house=0V | fw=1.1.105 | uplink=cellular | note=auto_log gpio sw=1 key=1 gp20=0 gp21=0
  Aug 11, 2026 7:37 AM | mode=key_on | eng=12.602V | house=0V | fw=1.1.105 | uplink=cellular | note=auto_log gpio sw=1 key=1 gp20=0 gp21=0
  Aug 11, 2026 7:35 AM | mode=key_on | eng=12.612V | house=0V | fw=1.1.105 | uplink=cellular | note=auto_log gpio sw=1 key=1 gp20=0 gp21=0
  Aug 11, 2026 7:33 AM | mode=key_on | eng=12.612V | house=0V | fw=1.1.105 | uplink=cellular | note=auto_log gpio sw=1 key=1 gp20=0 gp21=0
  Aug 11, 2026 7:27 AM | mode=key_on | eng=12.602V | house=0.001V | fw=1.1.104 | uplink=cellular | note=auto_log gpio sw=1 key=1 gp20=0 gp21=0
  Aug 11, 2026 7:25 AM | mode=key_on | eng=12.612V | house=0V | fw=1.1.104 | uplink=cellular | note=auto_log gpio sw=1 key=1 gp20=0 gp21=0
  Aug 11, 2026 7:18 AM | mode=key_on | eng=12.609V | house=0V | fw=1.1.103 | uplink=cellular | note=auto_log gpio sw=1 key=1 gp20=0 gp21=0
  Aug 11, 2026 7:16 AM | mode=key_on | eng=12.608V | house=0V | fw=1.1.103 | uplink=cellular | note=auto_log gpio sw=1 key=1 gp20=0 gp21=0
  Aug 11, 2026 7:10 AM | mode=key_on | eng=12.609V | house=0V | fw=1.1.102 | uplink=cellular | note=auto_log gpio sw=1 key=1 gp20=0 gp21=0
  Aug 11, 2026 7:08 AM | mode=key_on | eng=12.609V | house=0V | fw=1.1.102 | uplink=cellular | note=auto_log gpio sw=1 key=1 gp20=0 gp21=0
  Aug 11, 2026 7:02 AM | mode=key_on | eng=12.612V | house=0.001V | fw=1.1.101 | uplink=cellular | note=auto_log gpio sw=1 key=1 gp20=0 gp21=0
  Aug 11, 2026 6:20 AM | mode=key_on | eng=12.592V | house=0.002V | fw=1.1.100 | uplink=cellular | note=auto_log gpio sw=1 key=1 gp20=0 gp21=0
  Aug 11, 2026 6:14 AM | mode=key_on | eng=12.598V | house=0.001V | fw=1.1.100 | uplink=cellular | note=auto_log gpio sw=1 key=1 gp20=0 gp21=0
  Aug 11, 2026 6:06 AM | mode=key_on | eng=12.628V | house=0V | fw=1.1.100 | uplink=cellular | note=auto_log gpio sw=1 key=1 gp20=0 gp21=0
  Aug 11, 2026 6:03 AM | mode=key_on | eng=12.629V | house=0.001V | fw=1.1.100 | uplink=cellular | note=auto_log gpio sw=1 key=1 gp20=0 gp21=0
  Aug 11, 2026 6:01 AM | mode=key_on | eng=12.638V | house=0V | fw=1.1.100 | uplink=cellular | note=auto_log gpio sw=1 key=1 gp20=0 gp21=0
  Aug 11, 2026 5:59 AM | mode=key_on | eng=12.479V | house=0.001V | fw=1.1.100 | uplink=cellular | note=auto_log gpio sw=1 key=1 gp20=0 gp21=0
--- harness log tail ---
    {
      "from_fw": "1.1.104",
      "to_fw": "1.1.105",
      "last_log_old_fw": "Aug 11, 2026 7:27 AM",
      "first_log_new_fw": "Aug 11, 2026 7:33 AM",
      "inferred_ota_window_s": 360
    }
  ],
  "ota_action_stall_samples": [],
  "telemetry_gap": false
}
Round cooldown 90s before next ship...
--- harness process ---
401869 /bin/bash -l -c PYTHONUNBUFFERED=1 python3 boat_monitor/ota_stress_harness.py --rounds 4 --no-bootstrap 2>&1 | tee boat_monitor/ota_stress_run3.log
402368 python3 boat_monitor/ota_stress_harness.py --rounds 4 --no-bootstrap
405223 /bin/bash -l -c for i in $(seq 1 9); do echo "=== STATUS $i/9 $(date -u +%H:%M:%SZ) ===" >> boat_monitor/ota_stress_status.log; grep -E "^ROUND |ROUND [0-9]/4|\"success\":|Stopping stress" boat_monitor/ota_stress_run3.log | tail -6 >> boat_monitor/ota_stress_status.log; python3 -c "import sys;sys.path.insert(0,\"boat_monitor\");from sheets_bootstrap import SCOPES,_credentials_path,_sheet_id;from googleapiclient.discovery import build;from google.oauth2.service_account import Credentials;c=Credentials.from_service_account_file(_credentials_path(),scopes=SCOPES);s=build(\"sheets\",\"v4\",credentials=c,cache_discovery=False);sid=_sheet_id(c);cfg={r[0]:r[1] for r in s.spreadsheets().values().get(spreadsheetId=sid,range=\"Config!A2:C\").execute().get(\"values\",[]) if r};rows=s.spreadsheets().values().get(spreadsheetId=sid,range=\"Power_Log!A2:N\").execute().get(\"values\",[]);hdr=s.spreadsheets().values().get(spreadsheetId=sid,range=\"Power_Log!1:1\").execute().get(\"values\",[[[]]][0]);fi=hdr.index(\"fw\");r=rows[-1];print(\"min_fw\",cfg.get(\"min_fw_version\"),\"PL\",r[0],r[fi])" >> boat_monitor/ota_stress_status.log 2>&1; pgrep -f "ota_stress_harness.py --rounds 4" >/dev/null && echo "harness running" >> boat_monitor/ota_stress_status.log || echo "harness STOPPED" >> boat_monitor/ota_stress_status.log; sleep 300; done; echo "DONE" >> boat_monitor/ota_stress_status.log

============================================================
MONITOR update 7/12 @ 2026-08-11 14:51:14Z
============================================================
=== Power_Log (last 30 boat-p2) ===
header: ['timestamp_utc', 'device', 'mode', 'engine_v', 'engine_a', 'house_v', 'house_a', 'v50_v', 'v50_a', 'v50_mah_used', 'v50_pct_remain', 'fw', 'uplink', 'note']
total rows: 910
  Aug 11, 2026 7:51 AM | mode=key_on | eng=12.599V | house=0.001V | fw=1.1.105 | uplink=cellular | note=auto_log gpio sw=1 key=1 gp20=0 gp21=0
  Aug 11, 2026 7:49 AM | mode=key_on | eng=12.598V | house=0V | fw=1.1.105 | uplink=cellular | note=auto_log gpio sw=1 key=1 gp20=0 gp21=0
  Aug 11, 2026 7:46 AM | mode=key_on | eng=12.598V | house=0V | fw=1.1.105 | uplink=cellular | note=auto_log gpio sw=1 key=1 gp20=0 gp21=0
  Aug 11, 2026 7:44 AM | mode=key_on | eng=12.598V | house=0.001V | fw=1.1.105 | uplink=cellular | note=auto_log gpio sw=1 key=1 gp20=0 gp21=0
  Aug 11, 2026 7:42 AM | mode=key_on | eng=12.599V | house=0V | fw=1.1.105 | uplink=cellular | note=auto_log gpio sw=1 key=1 gp20=0 gp21=0
  Aug 11, 2026 7:40 AM | mode=key_on | eng=12.602V | house=0V | fw=1.1.105 | uplink=cellular | note=auto_log gpio sw=1 key=1 gp20=0 gp21=0
  Aug 11, 2026 7:37 AM | mode=key_on | eng=12.602V | house=0V | fw=1.1.105 | uplink=cellular | note=auto_log gpio sw=1 key=1 gp20=0 gp21=0
  Aug 11, 2026 7:35 AM | mode=key_on | eng=12.612V | house=0V | fw=1.1.105 | uplink=cellular | note=auto_log gpio sw=1 key=1 gp20=0 gp21=0
  Aug 11, 2026 7:33 AM | mode=key_on | eng=12.612V | house=0V | fw=1.1.105 | uplink=cellular | note=auto_log gpio sw=1 key=1 gp20=0 gp21=0
  Aug 11, 2026 7:27 AM | mode=key_on | eng=12.602V | house=0.001V | fw=1.1.104 | uplink=cellular | note=auto_log gpio sw=1 key=1 gp20=0 gp21=0
  Aug 11, 2026 7:25 AM | mode=key_on | eng=12.612V | house=0V | fw=1.1.104 | uplink=cellular | note=auto_log gpio sw=1 key=1 gp20=0 gp21=0
  Aug 11, 2026 7:18 AM | mode=key_on | eng=12.609V | house=0V | fw=1.1.103 | uplink=cellular | note=auto_log gpio sw=1 key=1 gp20=0 gp21=0
  Aug 11, 2026 7:16 AM | mode=key_on | eng=12.608V | house=0V | fw=1.1.103 | uplink=cellular | note=auto_log gpio sw=1 key=1 gp20=0 gp21=0
  Aug 11, 2026 7:10 AM | mode=key_on | eng=12.609V | house=0V | fw=1.1.102 | uplink=cellular | note=auto_log gpio sw=1 key=1 gp20=0 gp21=0
  Aug 11, 2026 7:08 AM | mode=key_on | eng=12.609V | house=0V | fw=1.1.102 | uplink=cellular | note=auto_log gpio sw=1 key=1 gp20=0 gp21=0
  Aug 11, 2026 7:02 AM | mode=key_on | eng=12.612V | house=0.001V | fw=1.1.101 | uplink=cellular | note=auto_log gpio sw=1 key=1 gp20=0 gp21=0
  Aug 11, 2026 6:20 AM | mode=key_on | eng=12.592V | house=0.002V | fw=1.1.100 | uplink=cellular | note=auto_log gpio sw=1 key=1 gp20=0 gp21=0
  Aug 11, 2026 6:14 AM | mode=key_on | eng=12.598V | house=0.001V | fw=1.1.100 | uplink=cellular | note=auto_log gpio sw=1 key=1 gp20=0 gp21=0
  Aug 11, 2026 6:06 AM | mode=key_on | eng=12.628V | house=0V | fw=1.1.100 | uplink=cellular | note=auto_log gpio sw=1 key=1 gp20=0 gp21=0
--- harness log tail ---
Wrote /workspace/ota_stress_results.json
SUMMARY: {
  "success_count": 4,
  "fail_count": 0,
  "wall_times_s": [
    342,
    404,
    403,
    1129
  ],
  "device_aware_to_confirmed_s": []
}
--- harness process ---
405223 /bin/bash -l -c for i in $(seq 1 9); do echo "=== STATUS $i/9 $(date -u +%H:%M:%SZ) ===" >> boat_monitor/ota_stress_status.log; grep -E "^ROUND |ROUND [0-9]/4|\"success\":|Stopping stress" boat_monitor/ota_stress_run3.log | tail -6 >> boat_monitor/ota_stress_status.log; python3 -c "import sys;sys.path.insert(0,\"boat_monitor\");from sheets_bootstrap import SCOPES,_credentials_path,_sheet_id;from googleapiclient.discovery import build;from google.oauth2.service_account import Credentials;c=Credentials.from_service_account_file(_credentials_path(),scopes=SCOPES);s=build(\"sheets\",\"v4\",credentials=c,cache_discovery=False);sid=_sheet_id(c);cfg={r[0]:r[1] for r in s.spreadsheets().values().get(spreadsheetId=sid,range=\"Config!A2:C\").execute().get(\"values\",[]) if r};rows=s.spreadsheets().values().get(spreadsheetId=sid,range=\"Power_Log!A2:N\").execute().get(\"values\",[]);hdr=s.spreadsheets().values().get(spreadsheetId=sid,range=\"Power_Log!1:1\").execute().get(\"values\",[[[]]][0]);fi=hdr.index(\"fw\");r=rows[-1];print(\"min_fw\",cfg.get(\"min_fw_version\"),\"PL\",r[0],r[fi])" >> boat_monitor/ota_stress_status.log 2>&1; pgrep -f "ota_stress_harness.py --rounds 4" >/dev/null && echo "harness running" >> boat_monitor/ota_stress_status.log || echo "harness STOPPED" >> boat_monitor/ota_stress_status.log; sleep 300; done; echo "DONE" >> boat_monitor/ota_stress_status.log

============================================================
MONITOR update 8/12 @ 2026-08-11 14:56:15Z
============================================================
=== Power_Log (last 30 boat-p2) ===
header: ['timestamp_utc', 'device', 'mode', 'engine_v', 'engine_a', 'house_v', 'house_a', 'v50_v', 'v50_a', 'v50_mah_used', 'v50_pct_remain', 'fw', 'uplink', 'note']
total rows: 912
  Aug 11, 2026 7:55 AM | mode=key_on | eng=12.598V | house=0V | fw=1.1.105 | uplink=cellular | note=auto_log gpio sw=1 key=1 gp20=0 gp21=0
  Aug 11, 2026 7:53 AM | mode=key_on | eng=12.599V | house=0.001V | fw=1.1.105 | uplink=cellular | note=auto_log gpio sw=1 key=1 gp20=0 gp21=0
  Aug 11, 2026 7:51 AM | mode=key_on | eng=12.599V | house=0.001V | fw=1.1.105 | uplink=cellular | note=auto_log gpio sw=1 key=1 gp20=0 gp21=0
  Aug 11, 2026 7:49 AM | mode=key_on | eng=12.598V | house=0V | fw=1.1.105 | uplink=cellular | note=auto_log gpio sw=1 key=1 gp20=0 gp21=0
  Aug 11, 2026 7:46 AM | mode=key_on | eng=12.598V | house=0V | fw=1.1.105 | uplink=cellular | note=auto_log gpio sw=1 key=1 gp20=0 gp21=0
  Aug 11, 2026 7:44 AM | mode=key_on | eng=12.598V | house=0.001V | fw=1.1.105 | uplink=cellular | note=auto_log gpio sw=1 key=1 gp20=0 gp21=0
  Aug 11, 2026 7:42 AM | mode=key_on | eng=12.599V | house=0V | fw=1.1.105 | uplink=cellular | note=auto_log gpio sw=1 key=1 gp20=0 gp21=0
  Aug 11, 2026 7:40 AM | mode=key_on | eng=12.602V | house=0V | fw=1.1.105 | uplink=cellular | note=auto_log gpio sw=1 key=1 gp20=0 gp21=0
  Aug 11, 2026 7:37 AM | mode=key_on | eng=12.602V | house=0V | fw=1.1.105 | uplink=cellular | note=auto_log gpio sw=1 key=1 gp20=0 gp21=0
  Aug 11, 2026 7:35 AM | mode=key_on | eng=12.612V | house=0V | fw=1.1.105 | uplink=cellular | note=auto_log gpio sw=1 key=1 gp20=0 gp21=0
  Aug 11, 2026 7:33 AM | mode=key_on | eng=12.612V | house=0V | fw=1.1.105 | uplink=cellular | note=auto_log gpio sw=1 key=1 gp20=0 gp21=0
  Aug 11, 2026 7:27 AM | mode=key_on | eng=12.602V | house=0.001V | fw=1.1.104 | uplink=cellular | note=auto_log gpio sw=1 key=1 gp20=0 gp21=0
  Aug 11, 2026 7:25 AM | mode=key_on | eng=12.612V | house=0V | fw=1.1.104 | uplink=cellular | note=auto_log gpio sw=1 key=1 gp20=0 gp21=0
  Aug 11, 2026 7:18 AM | mode=key_on | eng=12.609V | house=0V | fw=1.1.103 | uplink=cellular | note=auto_log gpio sw=1 key=1 gp20=0 gp21=0
  Aug 11, 2026 7:16 AM | mode=key_on | eng=12.608V | house=0V | fw=1.1.103 | uplink=cellular | note=auto_log gpio sw=1 key=1 gp20=0 gp21=0
  Aug 11, 2026 7:10 AM | mode=key_on | eng=12.609V | house=0V | fw=1.1.102 | uplink=cellular | note=auto_log gpio sw=1 key=1 gp20=0 gp21=0
  Aug 11, 2026 7:08 AM | mode=key_on | eng=12.609V | house=0V | fw=1.1.102 | uplink=cellular | note=auto_log gpio sw=1 key=1 gp20=0 gp21=0
  Aug 11, 2026 7:02 AM | mode=key_on | eng=12.612V | house=0.001V | fw=1.1.101 | uplink=cellular | note=auto_log gpio sw=1 key=1 gp20=0 gp21=0
  Aug 11, 2026 6:20 AM | mode=key_on | eng=12.592V | house=0.002V | fw=1.1.100 | uplink=cellular | note=auto_log gpio sw=1 key=1 gp20=0 gp21=0
--- harness log tail ---
Wrote /workspace/ota_stress_results.json
SUMMARY: {
  "success_count": 4,
  "fail_count": 0,
  "wall_times_s": [
    342,
    404,
    403,
    1129
  ],
  "device_aware_to_confirmed_s": []
}
--- harness process ---
405223 /bin/bash -l -c for i in $(seq 1 9); do echo "=== STATUS $i/9 $(date -u +%H:%M:%SZ) ===" >> boat_monitor/ota_stress_status.log; grep -E "^ROUND |ROUND [0-9]/4|\"success\":|Stopping stress" boat_monitor/ota_stress_run3.log | tail -6 >> boat_monitor/ota_stress_status.log; python3 -c "import sys;sys.path.insert(0,\"boat_monitor\");from sheets_bootstrap import SCOPES,_credentials_path,_sheet_id;from googleapiclient.discovery import build;from google.oauth2.service_account import Credentials;c=Credentials.from_service_account_file(_credentials_path(),scopes=SCOPES);s=build(\"sheets\",\"v4\",credentials=c,cache_discovery=False);sid=_sheet_id(c);cfg={r[0]:r[1] for r in s.spreadsheets().values().get(spreadsheetId=sid,range=\"Config!A2:C\").execute().get(\"values\",[]) if r};rows=s.spreadsheets().values().get(spreadsheetId=sid,range=\"Power_Log!A2:N\").execute().get(\"values\",[]);hdr=s.spreadsheets().values().get(spreadsheetId=sid,range=\"Power_Log!1:1\").execute().get(\"values\",[[[]]][0]);fi=hdr.index(\"fw\");r=rows[-1];print(\"min_fw\",cfg.get(\"min_fw_version\"),\"PL\",r[0],r[fi])" >> boat_monitor/ota_stress_status.log 2>&1; pgrep -f "ota_stress_harness.py --rounds 4" >/dev/null && echo "harness running" >> boat_monitor/ota_stress_status.log || echo "harness STOPPED" >> boat_monitor/ota_stress_status.log; sleep 300; done; echo "DONE" >> boat_monitor/ota_stress_status.log

============================================================
MONITOR update 9/12 @ 2026-08-11 15:01:16Z
============================================================
=== Power_Log (last 30 boat-p2) ===
header: ['timestamp_utc', 'device', 'mode', 'engine_v', 'engine_a', 'house_v', 'house_a', 'v50_v', 'v50_a', 'v50_mah_used', 'v50_pct_remain', 'fw', 'uplink', 'note']
total rows: 914
  Aug 11, 2026 7:59 AM | mode=key_on | eng=12.594V | house=0V | fw=1.1.105 | uplink=cellular | note=auto_log gpio sw=1 key=1 gp20=0 gp21=0
  Aug 11, 2026 7:57 AM | mode=key_on | eng=12.598V | house=0.001V | fw=1.1.105 | uplink=cellular | note=auto_log gpio sw=1 key=1 gp20=0 gp21=0
  Aug 11, 2026 7:55 AM | mode=key_on | eng=12.598V | house=0V | fw=1.1.105 | uplink=cellular | note=auto_log gpio sw=1 key=1 gp20=0 gp21=0
  Aug 11, 2026 7:53 AM | mode=key_on | eng=12.599V | house=0.001V | fw=1.1.105 | uplink=cellular | note=auto_log gpio sw=1 key=1 gp20=0 gp21=0
  Aug 11, 2026 7:51 AM | mode=key_on | eng=12.599V | house=0.001V | fw=1.1.105 | uplink=cellular | note=auto_log gpio sw=1 key=1 gp20=0 gp21=0
  Aug 11, 2026 7:49 AM | mode=key_on | eng=12.598V | house=0V | fw=1.1.105 | uplink=cellular | note=auto_log gpio sw=1 key=1 gp20=0 gp21=0
  Aug 11, 2026 7:46 AM | mode=key_on | eng=12.598V | house=0V | fw=1.1.105 | uplink=cellular | note=auto_log gpio sw=1 key=1 gp20=0 gp21=0
  Aug 11, 2026 7:44 AM | mode=key_on | eng=12.598V | house=0.001V | fw=1.1.105 | uplink=cellular | note=auto_log gpio sw=1 key=1 gp20=0 gp21=0
  Aug 11, 2026 7:42 AM | mode=key_on | eng=12.599V | house=0V | fw=1.1.105 | uplink=cellular | note=auto_log gpio sw=1 key=1 gp20=0 gp21=0
  Aug 11, 2026 7:40 AM | mode=key_on | eng=12.602V | house=0V | fw=1.1.105 | uplink=cellular | note=auto_log gpio sw=1 key=1 gp20=0 gp21=0
  Aug 11, 2026 7:37 AM | mode=key_on | eng=12.602V | house=0V | fw=1.1.105 | uplink=cellular | note=auto_log gpio sw=1 key=1 gp20=0 gp21=0
  Aug 11, 2026 7:35 AM | mode=key_on | eng=12.612V | house=0V | fw=1.1.105 | uplink=cellular | note=auto_log gpio sw=1 key=1 gp20=0 gp21=0
  Aug 11, 2026 7:33 AM | mode=key_on | eng=12.612V | house=0V | fw=1.1.105 | uplink=cellular | note=auto_log gpio sw=1 key=1 gp20=0 gp21=0
  Aug 11, 2026 7:27 AM | mode=key_on | eng=12.602V | house=0.001V | fw=1.1.104 | uplink=cellular | note=auto_log gpio sw=1 key=1 gp20=0 gp21=0
  Aug 11, 2026 7:25 AM | mode=key_on | eng=12.612V | house=0V | fw=1.1.104 | uplink=cellular | note=auto_log gpio sw=1 key=1 gp20=0 gp21=0
  Aug 11, 2026 7:18 AM | mode=key_on | eng=12.609V | house=0V | fw=1.1.103 | uplink=cellular | note=auto_log gpio sw=1 key=1 gp20=0 gp21=0
  Aug 11, 2026 7:16 AM | mode=key_on | eng=12.608V | house=0V | fw=1.1.103 | uplink=cellular | note=auto_log gpio sw=1 key=1 gp20=0 gp21=0
  Aug 11, 2026 7:10 AM | mode=key_on | eng=12.609V | house=0V | fw=1.1.102 | uplink=cellular | note=auto_log gpio sw=1 key=1 gp20=0 gp21=0
  Aug 11, 2026 7:08 AM | mode=key_on | eng=12.609V | house=0V | fw=1.1.102 | uplink=cellular | note=auto_log gpio sw=1 key=1 gp20=0 gp21=0
--- harness log tail ---
Wrote /workspace/ota_stress_results.json
SUMMARY: {
  "success_count": 4,
  "fail_count": 0,
  "wall_times_s": [
    342,
    404,
    403,
    1129
  ],
  "device_aware_to_confirmed_s": []
}
--- harness process ---
405223 /bin/bash -l -c for i in $(seq 1 9); do echo "=== STATUS $i/9 $(date -u +%H:%M:%SZ) ===" >> boat_monitor/ota_stress_status.log; grep -E "^ROUND |ROUND [0-9]/4|\"success\":|Stopping stress" boat_monitor/ota_stress_run3.log | tail -6 >> boat_monitor/ota_stress_status.log; python3 -c "import sys;sys.path.insert(0,\"boat_monitor\");from sheets_bootstrap import SCOPES,_credentials_path,_sheet_id;from googleapiclient.discovery import build;from google.oauth2.service_account import Credentials;c=Credentials.from_service_account_file(_credentials_path(),scopes=SCOPES);s=build(\"sheets\",\"v4\",credentials=c,cache_discovery=False);sid=_sheet_id(c);cfg={r[0]:r[1] for r in s.spreadsheets().values().get(spreadsheetId=sid,range=\"Config!A2:C\").execute().get(\"values\",[]) if r};rows=s.spreadsheets().values().get(spreadsheetId=sid,range=\"Power_Log!A2:N\").execute().get(\"values\",[]);hdr=s.spreadsheets().values().get(spreadsheetId=sid,range=\"Power_Log!1:1\").execute().get(\"values\",[[[]]][0]);fi=hdr.index(\"fw\");r=rows[-1];print(\"min_fw\",cfg.get(\"min_fw_version\"),\"PL\",r[0],r[fi])" >> boat_monitor/ota_stress_status.log 2>&1; pgrep -f "ota_stress_harness.py --rounds 4" >/dev/null && echo "harness running" >> boat_monitor/ota_stress_status.log || echo "harness STOPPED" >> boat_monitor/ota_stress_status.log; sleep 300; done; echo "DONE" >> boat_monitor/ota_stress_status.log

============================================================
MONITOR update 10/12 @ 2026-08-11 15:06:17Z
============================================================
=== Power_Log (last 30 boat-p2) ===
header: ['timestamp_utc', 'device', 'mode', 'engine_v', 'engine_a', 'house_v', 'house_a', 'v50_v', 'v50_a', 'v50_mah_used', 'v50_pct_remain', 'fw', 'uplink', 'note']
total rows: 916
  Aug 11, 2026 8:04 AM | mode=key_on | eng=12.472V | house=0.002V | fw=1.1.105 | uplink=cellular | note=auto_log gpio sw=1 key=1 gp20=0 gp21=0
  Aug 11, 2026 8:01 AM | mode=key_on | eng=12.594V | house=0.002V | fw=1.1.105 | uplink=cellular | note=auto_log gpio sw=1 key=1 gp20=0 gp21=0
  Aug 11, 2026 7:59 AM | mode=key_on | eng=12.594V | house=0V | fw=1.1.105 | uplink=cellular | note=auto_log gpio sw=1 key=1 gp20=0 gp21=0
  Aug 11, 2026 7:57 AM | mode=key_on | eng=12.598V | house=0.001V | fw=1.1.105 | uplink=cellular | note=auto_log gpio sw=1 key=1 gp20=0 gp21=0
  Aug 11, 2026 7:55 AM | mode=key_on | eng=12.598V | house=0V | fw=1.1.105 | uplink=cellular | note=auto_log gpio sw=1 key=1 gp20=0 gp21=0
  Aug 11, 2026 7:53 AM | mode=key_on | eng=12.599V | house=0.001V | fw=1.1.105 | uplink=cellular | note=auto_log gpio sw=1 key=1 gp20=0 gp21=0
  Aug 11, 2026 7:51 AM | mode=key_on | eng=12.599V | house=0.001V | fw=1.1.105 | uplink=cellular | note=auto_log gpio sw=1 key=1 gp20=0 gp21=0
  Aug 11, 2026 7:49 AM | mode=key_on | eng=12.598V | house=0V | fw=1.1.105 | uplink=cellular | note=auto_log gpio sw=1 key=1 gp20=0 gp21=0
  Aug 11, 2026 7:46 AM | mode=key_on | eng=12.598V | house=0V | fw=1.1.105 | uplink=cellular | note=auto_log gpio sw=1 key=1 gp20=0 gp21=0
  Aug 11, 2026 7:44 AM | mode=key_on | eng=12.598V | house=0.001V | fw=1.1.105 | uplink=cellular | note=auto_log gpio sw=1 key=1 gp20=0 gp21=0
  Aug 11, 2026 7:42 AM | mode=key_on | eng=12.599V | house=0V | fw=1.1.105 | uplink=cellular | note=auto_log gpio sw=1 key=1 gp20=0 gp21=0
  Aug 11, 2026 7:40 AM | mode=key_on | eng=12.602V | house=0V | fw=1.1.105 | uplink=cellular | note=auto_log gpio sw=1 key=1 gp20=0 gp21=0
  Aug 11, 2026 7:37 AM | mode=key_on | eng=12.602V | house=0V | fw=1.1.105 | uplink=cellular | note=auto_log gpio sw=1 key=1 gp20=0 gp21=0
  Aug 11, 2026 7:35 AM | mode=key_on | eng=12.612V | house=0V | fw=1.1.105 | uplink=cellular | note=auto_log gpio sw=1 key=1 gp20=0 gp21=0
  Aug 11, 2026 7:33 AM | mode=key_on | eng=12.612V | house=0V | fw=1.1.105 | uplink=cellular | note=auto_log gpio sw=1 key=1 gp20=0 gp21=0
  Aug 11, 2026 7:27 AM | mode=key_on | eng=12.602V | house=0.001V | fw=1.1.104 | uplink=cellular | note=auto_log gpio sw=1 key=1 gp20=0 gp21=0
  Aug 11, 2026 7:25 AM | mode=key_on | eng=12.612V | house=0V | fw=1.1.104 | uplink=cellular | note=auto_log gpio sw=1 key=1 gp20=0 gp21=0
  Aug 11, 2026 7:18 AM | mode=key_on | eng=12.609V | house=0V | fw=1.1.103 | uplink=cellular | note=auto_log gpio sw=1 key=1 gp20=0 gp21=0
  Aug 11, 2026 7:16 AM | mode=key_on | eng=12.608V | house=0V | fw=1.1.103 | uplink=cellular | note=auto_log gpio sw=1 key=1 gp20=0 gp21=0
--- harness log tail ---
Wrote /workspace/ota_stress_results.json
SUMMARY: {
  "success_count": 4,
  "fail_count": 0,
  "wall_times_s": [
    342,
    404,
    403,
    1129
  ],
  "device_aware_to_confirmed_s": []
}
--- harness process ---
405223 /bin/bash -l -c for i in $(seq 1 9); do echo "=== STATUS $i/9 $(date -u +%H:%M:%SZ) ===" >> boat_monitor/ota_stress_status.log; grep -E "^ROUND |ROUND [0-9]/4|\"success\":|Stopping stress" boat_monitor/ota_stress_run3.log | tail -6 >> boat_monitor/ota_stress_status.log; python3 -c "import sys;sys.path.insert(0,\"boat_monitor\");from sheets_bootstrap import SCOPES,_credentials_path,_sheet_id;from googleapiclient.discovery import build;from google.oauth2.service_account import Credentials;c=Credentials.from_service_account_file(_credentials_path(),scopes=SCOPES);s=build(\"sheets\",\"v4\",credentials=c,cache_discovery=False);sid=_sheet_id(c);cfg={r[0]:r[1] for r in s.spreadsheets().values().get(spreadsheetId=sid,range=\"Config!A2:C\").execute().get(\"values\",[]) if r};rows=s.spreadsheets().values().get(spreadsheetId=sid,range=\"Power_Log!A2:N\").execute().get(\"values\",[]);hdr=s.spreadsheets().values().get(spreadsheetId=sid,range=\"Power_Log!1:1\").execute().get(\"values\",[[[]]][0]);fi=hdr.index(\"fw\");r=rows[-1];print(\"min_fw\",cfg.get(\"min_fw_version\"),\"PL\",r[0],r[fi])" >> boat_monitor/ota_stress_status.log 2>&1; pgrep -f "ota_stress_harness.py --rounds 4" >/dev/null && echo "harness running" >> boat_monitor/ota_stress_status.log || echo "harness STOPPED" >> boat_monitor/ota_stress_status.log; sleep 300; done; echo "DONE" >> boat_monitor/ota_stress_status.log

============================================================
MONITOR update 11/12 @ 2026-08-11 15:11:18Z
============================================================
=== Power_Log (last 30 boat-p2) ===
header: ['timestamp_utc', 'device', 'mode', 'engine_v', 'engine_a', 'house_v', 'house_a', 'v50_v', 'v50_a', 'v50_mah_used', 'v50_pct_remain', 'fw', 'uplink', 'note']
total rows: 919
  Aug 11, 2026 8:10 AM | mode=key_on | eng=12.594V | house=0.001V | fw=1.1.105 | uplink=cellular | note=auto_log gpio sw=1 key=1 gp20=0 gp21=0
  Aug 11, 2026 8:08 AM | mode=key_on | eng=12.594V | house=0V | fw=1.1.105 | uplink=cellular | note=auto_log gpio sw=1 key=1 gp20=0 gp21=0
  Aug 11, 2026 8:06 AM | mode=key_on | eng=12.592V | house=0V | fw=1.1.105 | uplink=cellular | note=auto_log gpio sw=1 key=1 gp20=0 gp21=0
  Aug 11, 2026 8:04 AM | mode=key_on | eng=12.472V | house=0.002V | fw=1.1.105 | uplink=cellular | note=auto_log gpio sw=1 key=1 gp20=0 gp21=0
  Aug 11, 2026 8:01 AM | mode=key_on | eng=12.594V | house=0.002V | fw=1.1.105 | uplink=cellular | note=auto_log gpio sw=1 key=1 gp20=0 gp21=0
  Aug 11, 2026 7:59 AM | mode=key_on | eng=12.594V | house=0V | fw=1.1.105 | uplink=cellular | note=auto_log gpio sw=1 key=1 gp20=0 gp21=0
  Aug 11, 2026 7:57 AM | mode=key_on | eng=12.598V | house=0.001V | fw=1.1.105 | uplink=cellular | note=auto_log gpio sw=1 key=1 gp20=0 gp21=0
  Aug 11, 2026 7:55 AM | mode=key_on | eng=12.598V | house=0V | fw=1.1.105 | uplink=cellular | note=auto_log gpio sw=1 key=1 gp20=0 gp21=0
  Aug 11, 2026 7:53 AM | mode=key_on | eng=12.599V | house=0.001V | fw=1.1.105 | uplink=cellular | note=auto_log gpio sw=1 key=1 gp20=0 gp21=0
  Aug 11, 2026 7:51 AM | mode=key_on | eng=12.599V | house=0.001V | fw=1.1.105 | uplink=cellular | note=auto_log gpio sw=1 key=1 gp20=0 gp21=0
  Aug 11, 2026 7:49 AM | mode=key_on | eng=12.598V | house=0V | fw=1.1.105 | uplink=cellular | note=auto_log gpio sw=1 key=1 gp20=0 gp21=0
  Aug 11, 2026 7:46 AM | mode=key_on | eng=12.598V | house=0V | fw=1.1.105 | uplink=cellular | note=auto_log gpio sw=1 key=1 gp20=0 gp21=0
  Aug 11, 2026 7:44 AM | mode=key_on | eng=12.598V | house=0.001V | fw=1.1.105 | uplink=cellular | note=auto_log gpio sw=1 key=1 gp20=0 gp21=0
  Aug 11, 2026 7:42 AM | mode=key_on | eng=12.599V | house=0V | fw=1.1.105 | uplink=cellular | note=auto_log gpio sw=1 key=1 gp20=0 gp21=0
  Aug 11, 2026 7:40 AM | mode=key_on | eng=12.602V | house=0V | fw=1.1.105 | uplink=cellular | note=auto_log gpio sw=1 key=1 gp20=0 gp21=0
  Aug 11, 2026 7:37 AM | mode=key_on | eng=12.602V | house=0V | fw=1.1.105 | uplink=cellular | note=auto_log gpio sw=1 key=1 gp20=0 gp21=0
  Aug 11, 2026 7:35 AM | mode=key_on | eng=12.612V | house=0V | fw=1.1.105 | uplink=cellular | note=auto_log gpio sw=1 key=1 gp20=0 gp21=0
  Aug 11, 2026 7:33 AM | mode=key_on | eng=12.612V | house=0V | fw=1.1.105 | uplink=cellular | note=auto_log gpio sw=1 key=1 gp20=0 gp21=0
  Aug 11, 2026 7:27 AM | mode=key_on | eng=12.602V | house=0.001V | fw=1.1.104 | uplink=cellular | note=auto_log gpio sw=1 key=1 gp20=0 gp21=0
--- harness log tail ---
Wrote /workspace/ota_stress_results.json
SUMMARY: {
  "success_count": 4,
  "fail_count": 0,
  "wall_times_s": [
    342,
    404,
    403,
    1129
  ],
  "device_aware_to_confirmed_s": []
}
--- harness process ---
405223 /bin/bash -l -c for i in $(seq 1 9); do echo "=== STATUS $i/9 $(date -u +%H:%M:%SZ) ===" >> boat_monitor/ota_stress_status.log; grep -E "^ROUND |ROUND [0-9]/4|\"success\":|Stopping stress" boat_monitor/ota_stress_run3.log | tail -6 >> boat_monitor/ota_stress_status.log; python3 -c "import sys;sys.path.insert(0,\"boat_monitor\");from sheets_bootstrap import SCOPES,_credentials_path,_sheet_id;from googleapiclient.discovery import build;from google.oauth2.service_account import Credentials;c=Credentials.from_service_account_file(_credentials_path(),scopes=SCOPES);s=build(\"sheets\",\"v4\",credentials=c,cache_discovery=False);sid=_sheet_id(c);cfg={r[0]:r[1] for r in s.spreadsheets().values().get(spreadsheetId=sid,range=\"Config!A2:C\").execute().get(\"values\",[]) if r};rows=s.spreadsheets().values().get(spreadsheetId=sid,range=\"Power_Log!A2:N\").execute().get(\"values\",[]);hdr=s.spreadsheets().values().get(spreadsheetId=sid,range=\"Power_Log!1:1\").execute().get(\"values\",[[[]]][0]);fi=hdr.index(\"fw\");r=rows[-1];print(\"min_fw\",cfg.get(\"min_fw_version\"),\"PL\",r[0],r[fi])" >> boat_monitor/ota_stress_status.log 2>&1; pgrep -f "ota_stress_harness.py --rounds 4" >/dev/null && echo "harness running" >> boat_monitor/ota_stress_status.log || echo "harness STOPPED" >> boat_monitor/ota_stress_status.log; sleep 300; done; echo "DONE" >> boat_monitor/ota_stress_status.log

============================================================
MONITOR update 12/12 @ 2026-08-11 16:25:33Z
============================================================
=== Power_Log (last 30 boat-p2) ===
header: ['timestamp_utc', 'device', 'mode', 'engine_v', 'engine_a', 'house_v', 'house_a', 'v50_v', 'v50_a', 'v50_mah_used', 'v50_pct_remain', 'fw', 'uplink', 'note']
total rows: 988
  Aug 11, 2026 9:25 AM | mode=docked_off | eng=12.669V | house=0.001V | fw=1.1.105 | uplink=cellular | note=boot_log gpio sw=0 key=0 gp20=1 gp21=1
  Aug 11, 2026 9:24 AM | mode=docked_off | eng=12.669V | house=0.001V | fw=1.1.105 | uplink=cellular | note=boot_log gpio sw=0 key=0 gp20=1 gp21=1
  Aug 11, 2026 9:24 AM | mode=docked_off | eng=12.669V | house=0.002V | fw=1.1.105 | uplink=cellular | note=boot_log gpio sw=0 key=0 gp20=1 gp21=1
  Aug 11, 2026 9:23 AM | mode=docked_off | eng=12.668V | house=0V | fw=1.1.105 | uplink=cellular | note=boot_log gpio sw=0 key=0 gp20=1 gp21=1
  Aug 11, 2026 9:22 AM | mode=docked_off | eng=12.668V | house=0.001V | fw=1.1.105 | uplink=cellular | note=boot_log gpio sw=0 key=0 gp20=1 gp21=1
  Aug 11, 2026 9:22 AM | mode=docked_off | eng=12.668V | house=0V | fw=1.1.105 | uplink=cellular | note=boot_log gpio sw=0 key=0 gp20=1 gp21=1
  Aug 11, 2026 9:22 AM | mode=docked_off | eng=12.778V | house=0V | fw=1.1.105 | uplink=cellular | note=boot_log gpio sw=0 key=0 gp20=1 gp21=1
  Aug 11, 2026 9:21 AM | mode=docked_off | eng=12.669V | house=0.001V | fw=1.1.105 | uplink=cellular | note=boot_log gpio sw=0 key=0 gp20=1 gp21=1
  Aug 11, 2026 9:21 AM | mode=docked_off | eng=12.669V | house=0V | fw=1.1.105 | uplink=cellular | note=boot_log gpio sw=0 key=0 gp20=1 gp21=1
  Aug 11, 2026 9:20 AM | mode=docked_off | eng=12.669V | house=0.001V | fw=1.1.105 | uplink=cellular | note=boot_log gpio sw=0 key=0 gp20=1 gp21=1
  Aug 11, 2026 9:20 AM | mode=docked_off | eng=12.679V | house=0.001V | fw=1.1.105 | uplink=cellular | note=boot_log gpio sw=0 key=0 gp20=1 gp21=1
  Aug 11, 2026 9:20 AM | mode=docked_off | eng=12.669V | house=0.001V | fw=1.1.105 | uplink=cellular | note=boot_log gpio sw=0 key=0 gp20=1 gp21=1
  Aug 11, 2026 9:19 AM | mode=docked_off | eng=12.668V | house=0V | fw=1.1.105 | uplink=cellular | note=boot_log gpio sw=0 key=0 gp20=1 gp21=1
  Aug 11, 2026 9:19 AM | mode=docked_off | eng=12.668V | house=0.001V | fw=1.1.105 | uplink=cellular | note=boot_log gpio sw=0 key=0 gp20=1 gp21=1
  Aug 11, 2026 9:18 AM | mode=docked_off | eng=12.668V | house=0V | fw=1.1.105 | uplink=cellular | note=boot_log gpio sw=0 key=0 gp20=1 gp21=1
  Aug 11, 2026 9:18 AM | mode=docked_off | eng=12.668V | house=0V | fw=1.1.105 | uplink=cellular | note=boot_log gpio sw=0 key=0 gp20=1 gp21=1
  Aug 11, 2026 9:18 AM | mode=docked_off | eng=12.668V | house=0.001V | fw=1.1.105 | uplink=cellular | note=boot_log gpio sw=0 key=0 gp20=1 gp21=1
  Aug 11, 2026 9:17 AM | mode=docked_off | eng=12.664V | house=0V | fw=1.1.105 | uplink=cellular | note=boot_log gpio sw=0 key=0 gp20=1 gp21=1
  Aug 11, 2026 9:17 AM | mode=docked_off | eng=12.664V | house=0.001V | fw=1.1.105 | uplink=cellular | note=boot_log gpio sw=0 key=0 gp20=1 gp21=1
--- harness log tail ---
Wrote /workspace/ota_stress_results.json
SUMMARY: {
  "success_count": 4,
  "fail_count": 0,
  "wall_times_s": [
    342,
    404,
    403,
    1129
  ],
  "device_aware_to_confirmed_s": []
}
--- harness process ---
405223 /bin/bash -l -c for i in $(seq 1 9); do echo "=== STATUS $i/9 $(date -u +%H:%M:%SZ) ===" >> boat_monitor/ota_stress_status.log; grep -E "^ROUND |ROUND [0-9]/4|\"success\":|Stopping stress" boat_monitor/ota_stress_run3.log | tail -6 >> boat_monitor/ota_stress_status.log; python3 -c "import sys;sys.path.insert(0,\"boat_monitor\");from sheets_bootstrap import SCOPES,_credentials_path,_sheet_id;from googleapiclient.discovery import build;from google.oauth2.service_account import Credentials;c=Credentials.from_service_account_file(_credentials_path(),scopes=SCOPES);s=build(\"sheets\",\"v4\",credentials=c,cache_discovery=False);sid=_sheet_id(c);cfg={r[0]:r[1] for r in s.spreadsheets().values().get(spreadsheetId=sid,range=\"Config!A2:C\").execute().get(\"values\",[]) if r};rows=s.spreadsheets().values().get(spreadsheetId=sid,range=\"Power_Log!A2:N\").execute().get(\"values\",[]);hdr=s.spreadsheets().values().get(spreadsheetId=sid,range=\"Power_Log!1:1\").execute().get(\"values\",[[[]]][0]);fi=hdr.index(\"fw\");r=rows[-1];print(\"min_fw\",cfg.get(\"min_fw_version\"),\"PL\",r[0],r[fi])" >> boat_monitor/ota_stress_status.log 2>&1; pgrep -f "ota_stress_harness.py --rounds 4" >/dev/null && echo "harness running" >> boat_monitor/ota_stress_status.log || echo "harness STOPPED" >> boat_monitor/ota_stress_status.log; sleep 300; done; echo "DONE" >> boat_monitor/ota_stress_status.log

============================================================
MONITOR update 1/24 @ 2026-08-11 16:27:21Z
============================================================
=== Power_Log (last 30 boat-p2) ===
header: ['timestamp_utc', 'device', 'mode', 'engine_v', 'engine_a', 'house_v', 'house_a', 'v50_v', 'v50_a', 'v50_mah_used', 'v50_pct_remain', 'fw', 'uplink', 'note']
total rows: 991
  Aug 11, 2026 9:26 AM | mode=docked_off | eng=12.672V | house=0.001V | fw=1.1.105 | uplink=cellular | note=boot_log gpio sw=0 key=0 gp20=1 gp21=1
  Aug 11, 2026 9:26 AM | mode=docked_off | eng=12.672V | house=0V | fw=1.1.105 | uplink=cellular | note=boot_log gpio sw=0 key=0 gp20=1 gp21=1
  Aug 11, 2026 9:25 AM | mode=docked_off | eng=12.652V | house=0V | fw=1.1.105 | uplink=cellular | note=boot_log gpio sw=0 key=0 gp20=1 gp21=1
  Aug 11, 2026 9:25 AM | mode=docked_off | eng=12.669V | house=0.001V | fw=1.1.105 | uplink=cellular | note=boot_log gpio sw=0 key=0 gp20=1 gp21=1
  Aug 11, 2026 9:24 AM | mode=docked_off | eng=12.669V | house=0.001V | fw=1.1.105 | uplink=cellular | note=boot_log gpio sw=0 key=0 gp20=1 gp21=1
  Aug 11, 2026 9:24 AM | mode=docked_off | eng=12.669V | house=0.002V | fw=1.1.105 | uplink=cellular | note=boot_log gpio sw=0 key=0 gp20=1 gp21=1
  Aug 11, 2026 9:23 AM | mode=docked_off | eng=12.668V | house=0V | fw=1.1.105 | uplink=cellular | note=boot_log gpio sw=0 key=0 gp20=1 gp21=1
  Aug 11, 2026 9:22 AM | mode=docked_off | eng=12.668V | house=0.001V | fw=1.1.105 | uplink=cellular | note=boot_log gpio sw=0 key=0 gp20=1 gp21=1
  Aug 11, 2026 9:22 AM | mode=docked_off | eng=12.668V | house=0V | fw=1.1.105 | uplink=cellular | note=boot_log gpio sw=0 key=0 gp20=1 gp21=1
  Aug 11, 2026 9:22 AM | mode=docked_off | eng=12.778V | house=0V | fw=1.1.105 | uplink=cellular | note=boot_log gpio sw=0 key=0 gp20=1 gp21=1
  Aug 11, 2026 9:21 AM | mode=docked_off | eng=12.669V | house=0.001V | fw=1.1.105 | uplink=cellular | note=boot_log gpio sw=0 key=0 gp20=1 gp21=1
  Aug 11, 2026 9:21 AM | mode=docked_off | eng=12.669V | house=0V | fw=1.1.105 | uplink=cellular | note=boot_log gpio sw=0 key=0 gp20=1 gp21=1
  Aug 11, 2026 9:20 AM | mode=docked_off | eng=12.669V | house=0.001V | fw=1.1.105 | uplink=cellular | note=boot_log gpio sw=0 key=0 gp20=1 gp21=1
  Aug 11, 2026 9:20 AM | mode=docked_off | eng=12.679V | house=0.001V | fw=1.1.105 | uplink=cellular | note=boot_log gpio sw=0 key=0 gp20=1 gp21=1
  Aug 11, 2026 9:20 AM | mode=docked_off | eng=12.669V | house=0.001V | fw=1.1.105 | uplink=cellular | note=boot_log gpio sw=0 key=0 gp20=1 gp21=1
  Aug 11, 2026 9:19 AM | mode=docked_off | eng=12.668V | house=0V | fw=1.1.105 | uplink=cellular | note=boot_log gpio sw=0 key=0 gp20=1 gp21=1
  Aug 11, 2026 9:19 AM | mode=docked_off | eng=12.668V | house=0.001V | fw=1.1.105 | uplink=cellular | note=boot_log gpio sw=0 key=0 gp20=1 gp21=1
  Aug 11, 2026 9:18 AM | mode=docked_off | eng=12.668V | house=0V | fw=1.1.105 | uplink=cellular | note=boot_log gpio sw=0 key=0 gp20=1 gp21=1
  Aug 11, 2026 9:18 AM | mode=docked_off | eng=12.668V | house=0V | fw=1.1.105 | uplink=cellular | note=boot_log gpio sw=0 key=0 gp20=1 gp21=1
--- harness log tail ---
Local master version: 1.1.105 profile: dock
OK: boat-p2:v50_full_at_utc = 2026-08-11T16:27:21.702244Z
--- harness process ---
405223 /bin/bash -l -c for i in $(seq 1 9); do echo "=== STATUS $i/9 $(date -u +%H:%M:%SZ) ===" >> boat_monitor/ota_stress_status.log; grep -E "^ROUND |ROUND [0-9]/4|\"success\":|Stopping stress" boat_monitor/ota_stress_run3.log | tail -6 >> boat_monitor/ota_stress_status.log; python3 -c "import sys;sys.path.insert(0,\"boat_monitor\");from sheets_bootstrap import SCOPES,_credentials_path,_sheet_id;from googleapiclient.discovery import build;from google.oauth2.service_account import Credentials;c=Credentials.from_service_account_file(_credentials_path(),scopes=SCOPES);s=build(\"sheets\",\"v4\",credentials=c,cache_discovery=False);sid=_sheet_id(c);cfg={r[0]:r[1] for r in s.spreadsheets().values().get(spreadsheetId=sid,range=\"Config!A2:C\").execute().get(\"values\",[]) if r};rows=s.spreadsheets().values().get(spreadsheetId=sid,range=\"Power_Log!A2:N\").execute().get(\"values\",[]);hdr=s.spreadsheets().values().get(spreadsheetId=sid,range=\"Power_Log!1:1\").execute().get(\"values\",[[[]]][0]);fi=hdr.index(\"fw\");r=rows[-1];print(\"min_fw\",cfg.get(\"min_fw_version\"),\"PL\",r[0],r[fi])" >> boat_monitor/ota_stress_status.log 2>&1; pgrep -f "ota_stress_harness.py --rounds 4" >/dev/null && echo "harness running" >> boat_monitor/ota_stress_status.log || echo "harness STOPPED" >> boat_monitor/ota_stress_status.log; sleep 300; done; echo "DONE" >> boat_monitor/ota_stress_status.log
409711 /bin/bash -l -c PYTHONUNBUFFERED=1 python3 boat_monitor/ota_stress_harness.py --profile dock --rounds 6 --no-bootstrap --reset-v50 2>&1 | tee boat_monitor/ota_stress_dock.log
410217 python3 boat_monitor/ota_stress_harness.py --profile dock --rounds 6 --no-bootstrap --reset-v50

============================================================
MONITOR update 2/24 @ 2026-08-11 16:32:22Z
============================================================
=== Power_Log (last 30 boat-p2) ===
header: ['timestamp_utc', 'device', 'mode', 'engine_v', 'engine_a', 'house_v', 'house_a', 'v50_v', 'v50_a', 'v50_mah_used', 'v50_pct_remain', 'fw', 'uplink', 'note']
total rows: 993
  Aug 11, 2026 9:29 AM | mode=docked_off | eng=12.654V | house=0V | fw=1.1.105 | uplink=cellular | note=auto_log gpio sw=0 key=0 gp20=1 gp21=1
  Aug 11, 2026 9:27 AM | mode=docked_off | eng=12.672V | house=0V | fw=1.1.105 | uplink=cellular | note=boot_log gpio sw=0 key=0 gp20=1 gp21=1
  Aug 11, 2026 9:26 AM | mode=docked_off | eng=12.672V | house=0.001V | fw=1.1.105 | uplink=cellular | note=boot_log gpio sw=0 key=0 gp20=1 gp21=1
  Aug 11, 2026 9:26 AM | mode=docked_off | eng=12.672V | house=0V | fw=1.1.105 | uplink=cellular | note=boot_log gpio sw=0 key=0 gp20=1 gp21=1
  Aug 11, 2026 9:25 AM | mode=docked_off | eng=12.652V | house=0V | fw=1.1.105 | uplink=cellular | note=boot_log gpio sw=0 key=0 gp20=1 gp21=1
  Aug 11, 2026 9:25 AM | mode=docked_off | eng=12.669V | house=0.001V | fw=1.1.105 | uplink=cellular | note=boot_log gpio sw=0 key=0 gp20=1 gp21=1
  Aug 11, 2026 9:24 AM | mode=docked_off | eng=12.669V | house=0.001V | fw=1.1.105 | uplink=cellular | note=boot_log gpio sw=0 key=0 gp20=1 gp21=1
  Aug 11, 2026 9:24 AM | mode=docked_off | eng=12.669V | house=0.002V | fw=1.1.105 | uplink=cellular | note=boot_log gpio sw=0 key=0 gp20=1 gp21=1
  Aug 11, 2026 9:23 AM | mode=docked_off | eng=12.668V | house=0V | fw=1.1.105 | uplink=cellular | note=boot_log gpio sw=0 key=0 gp20=1 gp21=1
  Aug 11, 2026 9:22 AM | mode=docked_off | eng=12.668V | house=0.001V | fw=1.1.105 | uplink=cellular | note=boot_log gpio sw=0 key=0 gp20=1 gp21=1
  Aug 11, 2026 9:22 AM | mode=docked_off | eng=12.668V | house=0V | fw=1.1.105 | uplink=cellular | note=boot_log gpio sw=0 key=0 gp20=1 gp21=1
  Aug 11, 2026 9:22 AM | mode=docked_off | eng=12.778V | house=0V | fw=1.1.105 | uplink=cellular | note=boot_log gpio sw=0 key=0 gp20=1 gp21=1
  Aug 11, 2026 9:21 AM | mode=docked_off | eng=12.669V | house=0.001V | fw=1.1.105 | uplink=cellular | note=boot_log gpio sw=0 key=0 gp20=1 gp21=1
  Aug 11, 2026 9:21 AM | mode=docked_off | eng=12.669V | house=0V | fw=1.1.105 | uplink=cellular | note=boot_log gpio sw=0 key=0 gp20=1 gp21=1
  Aug 11, 2026 9:20 AM | mode=docked_off | eng=12.669V | house=0.001V | fw=1.1.105 | uplink=cellular | note=boot_log gpio sw=0 key=0 gp20=1 gp21=1
  Aug 11, 2026 9:20 AM | mode=docked_off | eng=12.679V | house=0.001V | fw=1.1.105 | uplink=cellular | note=boot_log gpio sw=0 key=0 gp20=1 gp21=1
  Aug 11, 2026 9:20 AM | mode=docked_off | eng=12.669V | house=0.001V | fw=1.1.105 | uplink=cellular | note=boot_log gpio sw=0 key=0 gp20=1 gp21=1
  Aug 11, 2026 9:19 AM | mode=docked_off | eng=12.668V | house=0V | fw=1.1.105 | uplink=cellular | note=boot_log gpio sw=0 key=0 gp20=1 gp21=1
  Aug 11, 2026 9:19 AM | mode=docked_off | eng=12.668V | house=0.001V | fw=1.1.105 | uplink=cellular | note=boot_log gpio sw=0 key=0 gp20=1 gp21=1
--- harness log tail ---
OK: min_fw_version = 1.1.106
Sheet updated. Pico OTA when current < min_fw after master manifest ships.
  … waiting fw=1.1.106 (last 1.1.105 @ Aug 11, 2026 9:27 AM) +0s boot_start=True
  … waiting fw=1.1.106 (last 1.1.105 @ Aug 11, 2026 9:27 AM) +32s boot_start=True
  … waiting fw=1.1.106 (last 1.1.105 @ Aug 11, 2026 9:27 AM) +63s boot_start=True
  … waiting fw=1.1.106 (last 1.1.105 @ Aug 11, 2026 9:27 AM) +94s boot_start=True
  … waiting fw=1.1.106 (last 1.1.105 @ Aug 11, 2026 9:27 AM) +125s boot_start=True
  … waiting fw=1.1.106 (last 1.1.105 @ Aug 11, 2026 9:29 AM) +156s boot_start=True
  … waiting fw=1.1.106 (last 1.1.105 @ Aug 11, 2026 9:29 AM) +187s boot_start=True
  … waiting fw=1.1.106 (last 1.1.105 @ Aug 11, 2026 9:29 AM) +218s boot_start=True
  … waiting fw=1.1.106 (last 1.1.105 @ Aug 11, 2026 9:29 AM) +249s boot_start=True
  … waiting fw=1.1.106 (last 1.1.105 @ Aug 11, 2026 9:29 AM) +280s boot_start=True
--- harness process ---
409711 /bin/bash -l -c PYTHONUNBUFFERED=1 python3 boat_monitor/ota_stress_harness.py --profile dock --rounds 6 --no-bootstrap --reset-v50 2>&1 | tee boat_monitor/ota_stress_dock.log
410217 python3 boat_monitor/ota_stress_harness.py --profile dock --rounds 6 --no-bootstrap --reset-v50

============================================================
MONITOR update 3/24 @ 2026-08-11 16:37:23Z
============================================================
=== Power_Log (last 30 boat-p2) ===
header: ['timestamp_utc', 'device', 'mode', 'engine_v', 'engine_a', 'house_v', 'house_a', 'v50_v', 'v50_a', 'v50_mah_used', 'v50_pct_remain', 'fw', 'uplink', 'note']
total rows: 993
  Aug 11, 2026 9:29 AM | mode=docked_off | eng=12.654V | house=0V | fw=1.1.105 | uplink=cellular | note=auto_log gpio sw=0 key=0 gp20=1 gp21=1
  Aug 11, 2026 9:27 AM | mode=docked_off | eng=12.672V | house=0V | fw=1.1.105 | uplink=cellular | note=boot_log gpio sw=0 key=0 gp20=1 gp21=1
  Aug 11, 2026 9:26 AM | mode=docked_off | eng=12.672V | house=0.001V | fw=1.1.105 | uplink=cellular | note=boot_log gpio sw=0 key=0 gp20=1 gp21=1
  Aug 11, 2026 9:26 AM | mode=docked_off | eng=12.672V | house=0V | fw=1.1.105 | uplink=cellular | note=boot_log gpio sw=0 key=0 gp20=1 gp21=1
  Aug 11, 2026 9:25 AM | mode=docked_off | eng=12.652V | house=0V | fw=1.1.105 | uplink=cellular | note=boot_log gpio sw=0 key=0 gp20=1 gp21=1
  Aug 11, 2026 9:25 AM | mode=docked_off | eng=12.669V | house=0.001V | fw=1.1.105 | uplink=cellular | note=boot_log gpio sw=0 key=0 gp20=1 gp21=1
  Aug 11, 2026 9:24 AM | mode=docked_off | eng=12.669V | house=0.001V | fw=1.1.105 | uplink=cellular | note=boot_log gpio sw=0 key=0 gp20=1 gp21=1
  Aug 11, 2026 9:24 AM | mode=docked_off | eng=12.669V | house=0.002V | fw=1.1.105 | uplink=cellular | note=boot_log gpio sw=0 key=0 gp20=1 gp21=1
  Aug 11, 2026 9:23 AM | mode=docked_off | eng=12.668V | house=0V | fw=1.1.105 | uplink=cellular | note=boot_log gpio sw=0 key=0 gp20=1 gp21=1
  Aug 11, 2026 9:22 AM | mode=docked_off | eng=12.668V | house=0.001V | fw=1.1.105 | uplink=cellular | note=boot_log gpio sw=0 key=0 gp20=1 gp21=1
  Aug 11, 2026 9:22 AM | mode=docked_off | eng=12.668V | house=0V | fw=1.1.105 | uplink=cellular | note=boot_log gpio sw=0 key=0 gp20=1 gp21=1
  Aug 11, 2026 9:22 AM | mode=docked_off | eng=12.778V | house=0V | fw=1.1.105 | uplink=cellular | note=boot_log gpio sw=0 key=0 gp20=1 gp21=1
  Aug 11, 2026 9:21 AM | mode=docked_off | eng=12.669V | house=0.001V | fw=1.1.105 | uplink=cellular | note=boot_log gpio sw=0 key=0 gp20=1 gp21=1
  Aug 11, 2026 9:21 AM | mode=docked_off | eng=12.669V | house=0V | fw=1.1.105 | uplink=cellular | note=boot_log gpio sw=0 key=0 gp20=1 gp21=1
  Aug 11, 2026 9:20 AM | mode=docked_off | eng=12.669V | house=0.001V | fw=1.1.105 | uplink=cellular | note=boot_log gpio sw=0 key=0 gp20=1 gp21=1
  Aug 11, 2026 9:20 AM | mode=docked_off | eng=12.679V | house=0.001V | fw=1.1.105 | uplink=cellular | note=boot_log gpio sw=0 key=0 gp20=1 gp21=1
  Aug 11, 2026 9:20 AM | mode=docked_off | eng=12.669V | house=0.001V | fw=1.1.105 | uplink=cellular | note=boot_log gpio sw=0 key=0 gp20=1 gp21=1
  Aug 11, 2026 9:19 AM | mode=docked_off | eng=12.668V | house=0V | fw=1.1.105 | uplink=cellular | note=boot_log gpio sw=0 key=0 gp20=1 gp21=1
  Aug 11, 2026 9:19 AM | mode=docked_off | eng=12.668V | house=0.001V | fw=1.1.105 | uplink=cellular | note=boot_log gpio sw=0 key=0 gp20=1 gp21=1
--- harness log tail ---
  … waiting fw=1.1.106 (last 1.1.105 @ Aug 11, 2026 9:29 AM) +249s boot_start=True
  … waiting fw=1.1.106 (last 1.1.105 @ Aug 11, 2026 9:29 AM) +280s boot_start=True
  … waiting fw=1.1.106 (last 1.1.105 @ Aug 11, 2026 9:29 AM) +311s boot_start=True
  … waiting fw=1.1.106 (last 1.1.105 @ Aug 11, 2026 9:29 AM) +343s boot_start=True
  … waiting fw=1.1.106 (last 1.1.105 @ Aug 11, 2026 9:29 AM) +374s boot_start=True
  … waiting fw=1.1.106 (last 1.1.105 @ Aug 11, 2026 9:29 AM) +405s boot_start=True
  … waiting fw=1.1.106 (last 1.1.105 @ Aug 11, 2026 9:29 AM) +436s boot_start=True
  … waiting fw=1.1.106 (last 1.1.105 @ Aug 11, 2026 9:29 AM) +467s boot_start=True
  … waiting fw=1.1.106 (last 1.1.105 @ Aug 11, 2026 9:29 AM) +498s boot_start=True
  … waiting fw=1.1.106 (last 1.1.105 @ Aug 11, 2026 9:29 AM) +529s boot_start=True
  … waiting fw=1.1.106 (last 1.1.105 @ Aug 11, 2026 9:29 AM) +560s boot_start=True
  … waiting fw=1.1.106 (last 1.1.105 @ Aug 11, 2026 9:29 AM) +591s boot_start=True
--- harness process ---
409711 /bin/bash -l -c PYTHONUNBUFFERED=1 python3 boat_monitor/ota_stress_harness.py --profile dock --rounds 6 --no-bootstrap --reset-v50 2>&1 | tee boat_monitor/ota_stress_dock.log
410217 python3 boat_monitor/ota_stress_harness.py --profile dock --rounds 6 --no-bootstrap --reset-v50

============================================================
MONITOR update 4/24 @ 2026-08-11 16:42:24Z
============================================================
=== Power_Log (last 30 boat-p2) ===
header: ['timestamp_utc', 'device', 'mode', 'engine_v', 'engine_a', 'house_v', 'house_a', 'v50_v', 'v50_a', 'v50_mah_used', 'v50_pct_remain', 'fw', 'uplink', 'note']
total rows: 993
  Aug 11, 2026 9:29 AM | mode=docked_off | eng=12.654V | house=0V | fw=1.1.105 | uplink=cellular | note=auto_log gpio sw=0 key=0 gp20=1 gp21=1
  Aug 11, 2026 9:27 AM | mode=docked_off | eng=12.672V | house=0V | fw=1.1.105 | uplink=cellular | note=boot_log gpio sw=0 key=0 gp20=1 gp21=1
  Aug 11, 2026 9:26 AM | mode=docked_off | eng=12.672V | house=0.001V | fw=1.1.105 | uplink=cellular | note=boot_log gpio sw=0 key=0 gp20=1 gp21=1
  Aug 11, 2026 9:26 AM | mode=docked_off | eng=12.672V | house=0V | fw=1.1.105 | uplink=cellular | note=boot_log gpio sw=0 key=0 gp20=1 gp21=1
  Aug 11, 2026 9:25 AM | mode=docked_off | eng=12.652V | house=0V | fw=1.1.105 | uplink=cellular | note=boot_log gpio sw=0 key=0 gp20=1 gp21=1
  Aug 11, 2026 9:25 AM | mode=docked_off | eng=12.669V | house=0.001V | fw=1.1.105 | uplink=cellular | note=boot_log gpio sw=0 key=0 gp20=1 gp21=1
  Aug 11, 2026 9:24 AM | mode=docked_off | eng=12.669V | house=0.001V | fw=1.1.105 | uplink=cellular | note=boot_log gpio sw=0 key=0 gp20=1 gp21=1
  Aug 11, 2026 9:24 AM | mode=docked_off | eng=12.669V | house=0.002V | fw=1.1.105 | uplink=cellular | note=boot_log gpio sw=0 key=0 gp20=1 gp21=1
  Aug 11, 2026 9:23 AM | mode=docked_off | eng=12.668V | house=0V | fw=1.1.105 | uplink=cellular | note=boot_log gpio sw=0 key=0 gp20=1 gp21=1
  Aug 11, 2026 9:22 AM | mode=docked_off | eng=12.668V | house=0.001V | fw=1.1.105 | uplink=cellular | note=boot_log gpio sw=0 key=0 gp20=1 gp21=1
  Aug 11, 2026 9:22 AM | mode=docked_off | eng=12.668V | house=0V | fw=1.1.105 | uplink=cellular | note=boot_log gpio sw=0 key=0 gp20=1 gp21=1
  Aug 11, 2026 9:22 AM | mode=docked_off | eng=12.778V | house=0V | fw=1.1.105 | uplink=cellular | note=boot_log gpio sw=0 key=0 gp20=1 gp21=1
  Aug 11, 2026 9:21 AM | mode=docked_off | eng=12.669V | house=0.001V | fw=1.1.105 | uplink=cellular | note=boot_log gpio sw=0 key=0 gp20=1 gp21=1
  Aug 11, 2026 9:21 AM | mode=docked_off | eng=12.669V | house=0V | fw=1.1.105 | uplink=cellular | note=boot_log gpio sw=0 key=0 gp20=1 gp21=1
  Aug 11, 2026 9:20 AM | mode=docked_off | eng=12.669V | house=0.001V | fw=1.1.105 | uplink=cellular | note=boot_log gpio sw=0 key=0 gp20=1 gp21=1
  Aug 11, 2026 9:20 AM | mode=docked_off | eng=12.679V | house=0.001V | fw=1.1.105 | uplink=cellular | note=boot_log gpio sw=0 key=0 gp20=1 gp21=1
  Aug 11, 2026 9:20 AM | mode=docked_off | eng=12.669V | house=0.001V | fw=1.1.105 | uplink=cellular | note=boot_log gpio sw=0 key=0 gp20=1 gp21=1
  Aug 11, 2026 9:19 AM | mode=docked_off | eng=12.668V | house=0V | fw=1.1.105 | uplink=cellular | note=boot_log gpio sw=0 key=0 gp20=1 gp21=1
  Aug 11, 2026 9:19 AM | mode=docked_off | eng=12.668V | house=0.001V | fw=1.1.105 | uplink=cellular | note=boot_log gpio sw=0 key=0 gp20=1 gp21=1
--- harness log tail ---
  … waiting fw=1.1.106 (last 1.1.105 @ Aug 11, 2026 9:29 AM) +529s boot_start=True
  … waiting fw=1.1.106 (last 1.1.105 @ Aug 11, 2026 9:29 AM) +560s boot_start=True
  … waiting fw=1.1.106 (last 1.1.105 @ Aug 11, 2026 9:29 AM) +591s boot_start=True
  … waiting fw=1.1.106 (last 1.1.105 @ Aug 11, 2026 9:29 AM) +622s boot_start=True
  … waiting fw=1.1.106 (last 1.1.105 @ Aug 11, 2026 9:29 AM) +653s boot_start=True
  … waiting fw=1.1.106 (last 1.1.105 @ Aug 11, 2026 9:29 AM) +684s boot_start=True
  … waiting fw=1.1.106 (last 1.1.105 @ Aug 11, 2026 9:29 AM) +715s boot_start=True
  … waiting fw=1.1.106 (last 1.1.105 @ Aug 11, 2026 9:29 AM) +746s boot_start=True
  … waiting fw=1.1.106 (last 1.1.105 @ Aug 11, 2026 9:29 AM) +777s boot_start=True
  … waiting fw=1.1.106 (last 1.1.105 @ Aug 11, 2026 9:29 AM) +808s boot_start=True
  … waiting fw=1.1.106 (last 1.1.105 @ Aug 11, 2026 9:29 AM) +839s boot_start=True
  … waiting fw=1.1.106 (last 1.1.105 @ Aug 11, 2026 9:29 AM) +870s boot_start=True
--- harness process ---
409711 /bin/bash -l -c PYTHONUNBUFFERED=1 python3 boat_monitor/ota_stress_harness.py --profile dock --rounds 6 --no-bootstrap --reset-v50 2>&1 | tee boat_monitor/ota_stress_dock.log
410217 python3 boat_monitor/ota_stress_harness.py --profile dock --rounds 6 --no-bootstrap --reset-v50

============================================================
MONITOR update 5/24 @ 2026-08-11 16:47:25Z
============================================================
=== Power_Log (last 30 boat-p2) ===
header: ['timestamp_utc', 'device', 'mode', 'engine_v', 'engine_a', 'house_v', 'house_a', 'v50_v', 'v50_a', 'v50_mah_used', 'v50_pct_remain', 'fw', 'uplink', 'note']
total rows: 993
  Aug 11, 2026 9:29 AM | mode=docked_off | eng=12.654V | house=0V | fw=1.1.105 | uplink=cellular | note=auto_log gpio sw=0 key=0 gp20=1 gp21=1
  Aug 11, 2026 9:27 AM | mode=docked_off | eng=12.672V | house=0V | fw=1.1.105 | uplink=cellular | note=boot_log gpio sw=0 key=0 gp20=1 gp21=1
  Aug 11, 2026 9:26 AM | mode=docked_off | eng=12.672V | house=0.001V | fw=1.1.105 | uplink=cellular | note=boot_log gpio sw=0 key=0 gp20=1 gp21=1
  Aug 11, 2026 9:26 AM | mode=docked_off | eng=12.672V | house=0V | fw=1.1.105 | uplink=cellular | note=boot_log gpio sw=0 key=0 gp20=1 gp21=1
  Aug 11, 2026 9:25 AM | mode=docked_off | eng=12.652V | house=0V | fw=1.1.105 | uplink=cellular | note=boot_log gpio sw=0 key=0 gp20=1 gp21=1
  Aug 11, 2026 9:25 AM | mode=docked_off | eng=12.669V | house=0.001V | fw=1.1.105 | uplink=cellular | note=boot_log gpio sw=0 key=0 gp20=1 gp21=1
  Aug 11, 2026 9:24 AM | mode=docked_off | eng=12.669V | house=0.001V | fw=1.1.105 | uplink=cellular | note=boot_log gpio sw=0 key=0 gp20=1 gp21=1
  Aug 11, 2026 9:24 AM | mode=docked_off | eng=12.669V | house=0.002V | fw=1.1.105 | uplink=cellular | note=boot_log gpio sw=0 key=0 gp20=1 gp21=1
  Aug 11, 2026 9:23 AM | mode=docked_off | eng=12.668V | house=0V | fw=1.1.105 | uplink=cellular | note=boot_log gpio sw=0 key=0 gp20=1 gp21=1
  Aug 11, 2026 9:22 AM | mode=docked_off | eng=12.668V | house=0.001V | fw=1.1.105 | uplink=cellular | note=boot_log gpio sw=0 key=0 gp20=1 gp21=1
  Aug 11, 2026 9:22 AM | mode=docked_off | eng=12.668V | house=0V | fw=1.1.105 | uplink=cellular | note=boot_log gpio sw=0 key=0 gp20=1 gp21=1
  Aug 11, 2026 9:22 AM | mode=docked_off | eng=12.778V | house=0V | fw=1.1.105 | uplink=cellular | note=boot_log gpio sw=0 key=0 gp20=1 gp21=1
  Aug 11, 2026 9:21 AM | mode=docked_off | eng=12.669V | house=0.001V | fw=1.1.105 | uplink=cellular | note=boot_log gpio sw=0 key=0 gp20=1 gp21=1
  Aug 11, 2026 9:21 AM | mode=docked_off | eng=12.669V | house=0V | fw=1.1.105 | uplink=cellular | note=boot_log gpio sw=0 key=0 gp20=1 gp21=1
  Aug 11, 2026 9:20 AM | mode=docked_off | eng=12.669V | house=0.001V | fw=1.1.105 | uplink=cellular | note=boot_log gpio sw=0 key=0 gp20=1 gp21=1
  Aug 11, 2026 9:20 AM | mode=docked_off | eng=12.679V | house=0.001V | fw=1.1.105 | uplink=cellular | note=boot_log gpio sw=0 key=0 gp20=1 gp21=1
  Aug 11, 2026 9:20 AM | mode=docked_off | eng=12.669V | house=0.001V | fw=1.1.105 | uplink=cellular | note=boot_log gpio sw=0 key=0 gp20=1 gp21=1
  Aug 11, 2026 9:19 AM | mode=docked_off | eng=12.668V | house=0V | fw=1.1.105 | uplink=cellular | note=boot_log gpio sw=0 key=0 gp20=1 gp21=1
  Aug 11, 2026 9:19 AM | mode=docked_off | eng=12.668V | house=0.001V | fw=1.1.105 | uplink=cellular | note=boot_log gpio sw=0 key=0 gp20=1 gp21=1
--- harness log tail ---
  … waiting fw=1.1.106 (last 1.1.105 @ Aug 11, 2026 9:29 AM) +839s boot_start=True
  … waiting fw=1.1.106 (last 1.1.105 @ Aug 11, 2026 9:29 AM) +870s boot_start=True
  … waiting fw=1.1.106 (last 1.1.105 @ Aug 11, 2026 9:29 AM) +901s boot_start=True
  … waiting fw=1.1.106 (last 1.1.105 @ Aug 11, 2026 9:29 AM) +932s boot_start=True
  … waiting fw=1.1.106 (last 1.1.105 @ Aug 11, 2026 9:29 AM) +963s boot_start=True
  … waiting fw=1.1.106 (last 1.1.105 @ Aug 11, 2026 9:29 AM) +994s boot_start=True
  … waiting fw=1.1.106 (last 1.1.105 @ Aug 11, 2026 9:29 AM) +1025s boot_start=True
  … waiting fw=1.1.106 (last 1.1.105 @ Aug 11, 2026 9:29 AM) +1056s boot_start=True
  … waiting fw=1.1.106 (last 1.1.105 @ Aug 11, 2026 9:29 AM) +1087s boot_start=True
  … waiting fw=1.1.106 (last 1.1.105 @ Aug 11, 2026 9:29 AM) +1118s boot_start=True
  … waiting fw=1.1.106 (last 1.1.105 @ Aug 11, 2026 9:29 AM) +1149s boot_start=True
  … waiting fw=1.1.106 (last 1.1.105 @ Aug 11, 2026 9:29 AM) +1180s boot_start=True
--- harness process ---
409711 /bin/bash -l -c PYTHONUNBUFFERED=1 python3 boat_monitor/ota_stress_harness.py --profile dock --rounds 6 --no-bootstrap --reset-v50 2>&1 | tee boat_monitor/ota_stress_dock.log
410217 python3 boat_monitor/ota_stress_harness.py --profile dock --rounds 6 --no-bootstrap --reset-v50

============================================================
MONITOR update 6/24 @ 2026-08-11 16:52:26Z
============================================================
=== Power_Log (last 30 boat-p2) ===
header: ['timestamp_utc', 'device', 'mode', 'engine_v', 'engine_a', 'house_v', 'house_a', 'v50_v', 'v50_a', 'v50_mah_used', 'v50_pct_remain', 'fw', 'uplink', 'note']
total rows: 994
  Aug 11, 2026 9:48 AM | mode=docked_off | eng=12.658V | house=0V | fw=1.1.105 | uplink=cellular | note=auto_log gpio sw=0 key=0 gp20=1 gp21=1
  Aug 11, 2026 9:29 AM | mode=docked_off | eng=12.654V | house=0V | fw=1.1.105 | uplink=cellular | note=auto_log gpio sw=0 key=0 gp20=1 gp21=1
  Aug 11, 2026 9:27 AM | mode=docked_off | eng=12.672V | house=0V | fw=1.1.105 | uplink=cellular | note=boot_log gpio sw=0 key=0 gp20=1 gp21=1
  Aug 11, 2026 9:26 AM | mode=docked_off | eng=12.672V | house=0.001V | fw=1.1.105 | uplink=cellular | note=boot_log gpio sw=0 key=0 gp20=1 gp21=1
  Aug 11, 2026 9:26 AM | mode=docked_off | eng=12.672V | house=0V | fw=1.1.105 | uplink=cellular | note=boot_log gpio sw=0 key=0 gp20=1 gp21=1
  Aug 11, 2026 9:25 AM | mode=docked_off | eng=12.652V | house=0V | fw=1.1.105 | uplink=cellular | note=boot_log gpio sw=0 key=0 gp20=1 gp21=1
  Aug 11, 2026 9:25 AM | mode=docked_off | eng=12.669V | house=0.001V | fw=1.1.105 | uplink=cellular | note=boot_log gpio sw=0 key=0 gp20=1 gp21=1
  Aug 11, 2026 9:24 AM | mode=docked_off | eng=12.669V | house=0.001V | fw=1.1.105 | uplink=cellular | note=boot_log gpio sw=0 key=0 gp20=1 gp21=1
  Aug 11, 2026 9:24 AM | mode=docked_off | eng=12.669V | house=0.002V | fw=1.1.105 | uplink=cellular | note=boot_log gpio sw=0 key=0 gp20=1 gp21=1
  Aug 11, 2026 9:23 AM | mode=docked_off | eng=12.668V | house=0V | fw=1.1.105 | uplink=cellular | note=boot_log gpio sw=0 key=0 gp20=1 gp21=1
  Aug 11, 2026 9:22 AM | mode=docked_off | eng=12.668V | house=0.001V | fw=1.1.105 | uplink=cellular | note=boot_log gpio sw=0 key=0 gp20=1 gp21=1
  Aug 11, 2026 9:22 AM | mode=docked_off | eng=12.668V | house=0V | fw=1.1.105 | uplink=cellular | note=boot_log gpio sw=0 key=0 gp20=1 gp21=1
  Aug 11, 2026 9:22 AM | mode=docked_off | eng=12.778V | house=0V | fw=1.1.105 | uplink=cellular | note=boot_log gpio sw=0 key=0 gp20=1 gp21=1
  Aug 11, 2026 9:21 AM | mode=docked_off | eng=12.669V | house=0.001V | fw=1.1.105 | uplink=cellular | note=boot_log gpio sw=0 key=0 gp20=1 gp21=1
  Aug 11, 2026 9:21 AM | mode=docked_off | eng=12.669V | house=0V | fw=1.1.105 | uplink=cellular | note=boot_log gpio sw=0 key=0 gp20=1 gp21=1
  Aug 11, 2026 9:20 AM | mode=docked_off | eng=12.669V | house=0.001V | fw=1.1.105 | uplink=cellular | note=boot_log gpio sw=0 key=0 gp20=1 gp21=1
  Aug 11, 2026 9:20 AM | mode=docked_off | eng=12.679V | house=0.001V | fw=1.1.105 | uplink=cellular | note=boot_log gpio sw=0 key=0 gp20=1 gp21=1
  Aug 11, 2026 9:20 AM | mode=docked_off | eng=12.669V | house=0.001V | fw=1.1.105 | uplink=cellular | note=boot_log gpio sw=0 key=0 gp20=1 gp21=1
  Aug 11, 2026 9:19 AM | mode=docked_off | eng=12.668V | house=0V | fw=1.1.105 | uplink=cellular | note=boot_log gpio sw=0 key=0 gp20=1 gp21=1
--- harness log tail ---
  … waiting fw=1.1.106 (last 1.1.105 @ Aug 11, 2026 9:29 AM) +1149s boot_start=True
  … waiting fw=1.1.106 (last 1.1.105 @ Aug 11, 2026 9:29 AM) +1180s boot_start=True
  … waiting fw=1.1.106 (last 1.1.105 @ Aug 11, 2026 9:29 AM) +1211s boot_start=True
  … waiting fw=1.1.106 (last 1.1.105 @ Aug 11, 2026 9:29 AM) +1242s boot_start=True
  … waiting fw=1.1.106 (last 1.1.105 @ Aug 11, 2026 9:29 AM) +1274s boot_start=True
  … waiting fw=1.1.106 (last 1.1.105 @ Aug 11, 2026 9:48 AM) +1305s boot_start=True
  … waiting fw=1.1.106 (last 1.1.105 @ Aug 11, 2026 9:48 AM) +1336s boot_start=True
  … waiting fw=1.1.106 (last 1.1.105 @ Aug 11, 2026 9:48 AM) +1366s boot_start=True
  … waiting fw=1.1.106 (last 1.1.105 @ Aug 11, 2026 9:48 AM) +1397s boot_start=True
  … waiting fw=1.1.106 (last 1.1.105 @ Aug 11, 2026 9:48 AM) +1428s boot_start=True
  … waiting fw=1.1.106 (last 1.1.105 @ Aug 11, 2026 9:48 AM) +1460s boot_start=True
  … waiting fw=1.1.106 (last 1.1.105 @ Aug 11, 2026 9:48 AM) +1491s boot_start=True
--- harness process ---
409711 /bin/bash -l -c PYTHONUNBUFFERED=1 python3 boat_monitor/ota_stress_harness.py --profile dock --rounds 6 --no-bootstrap --reset-v50 2>&1 | tee boat_monitor/ota_stress_dock.log
410217 python3 boat_monitor/ota_stress_harness.py --profile dock --rounds 6 --no-bootstrap --reset-v50

============================================================
MONITOR update 7/24 @ 2026-08-11 16:57:28Z
============================================================
=== Power_Log (last 30 boat-p2) ===
header: ['timestamp_utc', 'device', 'mode', 'engine_v', 'engine_a', 'house_v', 'house_a', 'v50_v', 'v50_a', 'v50_mah_used', 'v50_pct_remain', 'fw', 'uplink', 'note']
total rows: 994
  Aug 11, 2026 9:48 AM | mode=docked_off | eng=12.658V | house=0V | fw=1.1.105 | uplink=cellular | note=auto_log gpio sw=0 key=0 gp20=1 gp21=1
  Aug 11, 2026 9:29 AM | mode=docked_off | eng=12.654V | house=0V | fw=1.1.105 | uplink=cellular | note=auto_log gpio sw=0 key=0 gp20=1 gp21=1
  Aug 11, 2026 9:27 AM | mode=docked_off | eng=12.672V | house=0V | fw=1.1.105 | uplink=cellular | note=boot_log gpio sw=0 key=0 gp20=1 gp21=1
  Aug 11, 2026 9:26 AM | mode=docked_off | eng=12.672V | house=0.001V | fw=1.1.105 | uplink=cellular | note=boot_log gpio sw=0 key=0 gp20=1 gp21=1
  Aug 11, 2026 9:26 AM | mode=docked_off | eng=12.672V | house=0V | fw=1.1.105 | uplink=cellular | note=boot_log gpio sw=0 key=0 gp20=1 gp21=1
  Aug 11, 2026 9:25 AM | mode=docked_off | eng=12.652V | house=0V | fw=1.1.105 | uplink=cellular | note=boot_log gpio sw=0 key=0 gp20=1 gp21=1
  Aug 11, 2026 9:25 AM | mode=docked_off | eng=12.669V | house=0.001V | fw=1.1.105 | uplink=cellular | note=boot_log gpio sw=0 key=0 gp20=1 gp21=1
  Aug 11, 2026 9:24 AM | mode=docked_off | eng=12.669V | house=0.001V | fw=1.1.105 | uplink=cellular | note=boot_log gpio sw=0 key=0 gp20=1 gp21=1
  Aug 11, 2026 9:24 AM | mode=docked_off | eng=12.669V | house=0.002V | fw=1.1.105 | uplink=cellular | note=boot_log gpio sw=0 key=0 gp20=1 gp21=1
  Aug 11, 2026 9:23 AM | mode=docked_off | eng=12.668V | house=0V | fw=1.1.105 | uplink=cellular | note=boot_log gpio sw=0 key=0 gp20=1 gp21=1
  Aug 11, 2026 9:22 AM | mode=docked_off | eng=12.668V | house=0.001V | fw=1.1.105 | uplink=cellular | note=boot_log gpio sw=0 key=0 gp20=1 gp21=1
  Aug 11, 2026 9:22 AM | mode=docked_off | eng=12.668V | house=0V | fw=1.1.105 | uplink=cellular | note=boot_log gpio sw=0 key=0 gp20=1 gp21=1
  Aug 11, 2026 9:22 AM | mode=docked_off | eng=12.778V | house=0V | fw=1.1.105 | uplink=cellular | note=boot_log gpio sw=0 key=0 gp20=1 gp21=1
  Aug 11, 2026 9:21 AM | mode=docked_off | eng=12.669V | house=0.001V | fw=1.1.105 | uplink=cellular | note=boot_log gpio sw=0 key=0 gp20=1 gp21=1
  Aug 11, 2026 9:21 AM | mode=docked_off | eng=12.669V | house=0V | fw=1.1.105 | uplink=cellular | note=boot_log gpio sw=0 key=0 gp20=1 gp21=1
  Aug 11, 2026 9:20 AM | mode=docked_off | eng=12.669V | house=0.001V | fw=1.1.105 | uplink=cellular | note=boot_log gpio sw=0 key=0 gp20=1 gp21=1
  Aug 11, 2026 9:20 AM | mode=docked_off | eng=12.679V | house=0.001V | fw=1.1.105 | uplink=cellular | note=boot_log gpio sw=0 key=0 gp20=1 gp21=1
  Aug 11, 2026 9:20 AM | mode=docked_off | eng=12.669V | house=0.001V | fw=1.1.105 | uplink=cellular | note=boot_log gpio sw=0 key=0 gp20=1 gp21=1
  Aug 11, 2026 9:19 AM | mode=docked_off | eng=12.668V | house=0V | fw=1.1.105 | uplink=cellular | note=boot_log gpio sw=0 key=0 gp20=1 gp21=1
--- harness log tail ---
  … waiting fw=1.1.106 (last 1.1.105 @ Aug 11, 2026 9:48 AM) +1460s boot_start=True
  … waiting fw=1.1.106 (last 1.1.105 @ Aug 11, 2026 9:48 AM) +1491s boot_start=True
  … waiting fw=1.1.106 (last 1.1.105 @ Aug 11, 2026 9:48 AM) +1522s boot_start=True
  … waiting fw=1.1.106 (last 1.1.105 @ Aug 11, 2026 9:48 AM) +1553s boot_start=True
  … waiting fw=1.1.106 (last 1.1.105 @ Aug 11, 2026 9:48 AM) +1584s boot_start=True
  … waiting fw=1.1.106 (last 1.1.105 @ Aug 11, 2026 9:48 AM) +1615s boot_start=True
  … waiting fw=1.1.106 (last 1.1.105 @ Aug 11, 2026 9:48 AM) +1646s boot_start=True
  … waiting fw=1.1.106 (last 1.1.105 @ Aug 11, 2026 9:48 AM) +1677s boot_start=True
  … waiting fw=1.1.106 (last 1.1.105 @ Aug 11, 2026 9:48 AM) +1708s boot_start=True
  … boot_ota success for 1.1.106 (waiting Power_Log confirm, grace 900s)
  … waiting fw=1.1.106 (last 1.1.105 @ Aug 11, 2026 9:48 AM) +1739s boot_start=True ota_ok+0s
  … waiting fw=1.1.106 (last 1.1.105 @ Aug 11, 2026 9:48 AM) +1770s boot_start=True ota_ok+31s
--- harness process ---
409711 /bin/bash -l -c PYTHONUNBUFFERED=1 python3 boat_monitor/ota_stress_harness.py --profile dock --rounds 6 --no-bootstrap --reset-v50 2>&1 | tee boat_monitor/ota_stress_dock.log
410217 python3 boat_monitor/ota_stress_harness.py --profile dock --rounds 6 --no-bootstrap --reset-v50

============================================================
MONITOR update 8/24 @ 2026-08-11 17:02:29Z
============================================================
=== Power_Log (last 30 boat-p2) ===
header: ['timestamp_utc', 'device', 'mode', 'engine_v', 'engine_a', 'house_v', 'house_a', 'v50_v', 'v50_a', 'v50_mah_used', 'v50_pct_remain', 'fw', 'uplink', 'note']
total rows: 994
  Aug 11, 2026 9:48 AM | mode=docked_off | eng=12.658V | house=0V | fw=1.1.105 | uplink=cellular | note=auto_log gpio sw=0 key=0 gp20=1 gp21=1
  Aug 11, 2026 9:29 AM | mode=docked_off | eng=12.654V | house=0V | fw=1.1.105 | uplink=cellular | note=auto_log gpio sw=0 key=0 gp20=1 gp21=1
  Aug 11, 2026 9:27 AM | mode=docked_off | eng=12.672V | house=0V | fw=1.1.105 | uplink=cellular | note=boot_log gpio sw=0 key=0 gp20=1 gp21=1
  Aug 11, 2026 9:26 AM | mode=docked_off | eng=12.672V | house=0.001V | fw=1.1.105 | uplink=cellular | note=boot_log gpio sw=0 key=0 gp20=1 gp21=1
  Aug 11, 2026 9:26 AM | mode=docked_off | eng=12.672V | house=0V | fw=1.1.105 | uplink=cellular | note=boot_log gpio sw=0 key=0 gp20=1 gp21=1
  Aug 11, 2026 9:25 AM | mode=docked_off | eng=12.652V | house=0V | fw=1.1.105 | uplink=cellular | note=boot_log gpio sw=0 key=0 gp20=1 gp21=1
  Aug 11, 2026 9:25 AM | mode=docked_off | eng=12.669V | house=0.001V | fw=1.1.105 | uplink=cellular | note=boot_log gpio sw=0 key=0 gp20=1 gp21=1
  Aug 11, 2026 9:24 AM | mode=docked_off | eng=12.669V | house=0.001V | fw=1.1.105 | uplink=cellular | note=boot_log gpio sw=0 key=0 gp20=1 gp21=1
  Aug 11, 2026 9:24 AM | mode=docked_off | eng=12.669V | house=0.002V | fw=1.1.105 | uplink=cellular | note=boot_log gpio sw=0 key=0 gp20=1 gp21=1
  Aug 11, 2026 9:23 AM | mode=docked_off | eng=12.668V | house=0V | fw=1.1.105 | uplink=cellular | note=boot_log gpio sw=0 key=0 gp20=1 gp21=1
  Aug 11, 2026 9:22 AM | mode=docked_off | eng=12.668V | house=0.001V | fw=1.1.105 | uplink=cellular | note=boot_log gpio sw=0 key=0 gp20=1 gp21=1
  Aug 11, 2026 9:22 AM | mode=docked_off | eng=12.668V | house=0V | fw=1.1.105 | uplink=cellular | note=boot_log gpio sw=0 key=0 gp20=1 gp21=1
  Aug 11, 2026 9:22 AM | mode=docked_off | eng=12.778V | house=0V | fw=1.1.105 | uplink=cellular | note=boot_log gpio sw=0 key=0 gp20=1 gp21=1
  Aug 11, 2026 9:21 AM | mode=docked_off | eng=12.669V | house=0.001V | fw=1.1.105 | uplink=cellular | note=boot_log gpio sw=0 key=0 gp20=1 gp21=1
  Aug 11, 2026 9:21 AM | mode=docked_off | eng=12.669V | house=0V | fw=1.1.105 | uplink=cellular | note=boot_log gpio sw=0 key=0 gp20=1 gp21=1
  Aug 11, 2026 9:20 AM | mode=docked_off | eng=12.669V | house=0.001V | fw=1.1.105 | uplink=cellular | note=boot_log gpio sw=0 key=0 gp20=1 gp21=1
  Aug 11, 2026 9:20 AM | mode=docked_off | eng=12.679V | house=0.001V | fw=1.1.105 | uplink=cellular | note=boot_log gpio sw=0 key=0 gp20=1 gp21=1
  Aug 11, 2026 9:20 AM | mode=docked_off | eng=12.669V | house=0.001V | fw=1.1.105 | uplink=cellular | note=boot_log gpio sw=0 key=0 gp20=1 gp21=1
  Aug 11, 2026 9:19 AM | mode=docked_off | eng=12.668V | house=0V | fw=1.1.105 | uplink=cellular | note=boot_log gpio sw=0 key=0 gp20=1 gp21=1
--- harness log tail ---
  … waiting fw=1.1.106 (last 1.1.105 @ Aug 11, 2026 9:48 AM) +1739s boot_start=True ota_ok+0s
  … waiting fw=1.1.106 (last 1.1.105 @ Aug 11, 2026 9:48 AM) +1770s boot_start=True ota_ok+31s
  … waiting fw=1.1.106 (last 1.1.105 @ Aug 11, 2026 9:48 AM) +1801s boot_start=True ota_ok+62s
  … waiting fw=1.1.106 (last 1.1.105 @ Aug 11, 2026 9:48 AM) +1832s boot_start=True ota_ok+93s
  … waiting fw=1.1.106 (last 1.1.105 @ Aug 11, 2026 9:48 AM) +1863s boot_start=True ota_ok+124s
  … waiting fw=1.1.106 (last 1.1.105 @ Aug 11, 2026 9:48 AM) +1894s boot_start=True ota_ok+155s
  … waiting fw=1.1.106 (last 1.1.105 @ Aug 11, 2026 9:48 AM) +1926s boot_start=True ota_ok+186s
  … waiting fw=1.1.106 (last 1.1.105 @ Aug 11, 2026 9:48 AM) +1957s boot_start=True ota_ok+217s
  … waiting fw=1.1.106 (last 1.1.105 @ Aug 11, 2026 9:48 AM) +1988s boot_start=True ota_ok+248s
  … waiting fw=1.1.106 (last 1.1.105 @ Aug 11, 2026 9:48 AM) +2019s boot_start=True ota_ok+279s
  … waiting fw=1.1.106 (last 1.1.105 @ Aug 11, 2026 9:48 AM) +2050s boot_start=True ota_ok+310s
  … waiting fw=1.1.106 (last 1.1.105 @ Aug 11, 2026 9:48 AM) +2081s boot_start=True ota_ok+341s
--- harness process ---
409711 /bin/bash -l -c PYTHONUNBUFFERED=1 python3 boat_monitor/ota_stress_harness.py --profile dock --rounds 6 --no-bootstrap --reset-v50 2>&1 | tee boat_monitor/ota_stress_dock.log
410217 python3 boat_monitor/ota_stress_harness.py --profile dock --rounds 6 --no-bootstrap --reset-v50

============================================================
MONITOR update 9/24 @ 2026-08-11 17:07:29Z
============================================================
=== Power_Log (last 30 boat-p2) ===
header: ['timestamp_utc', 'device', 'mode', 'engine_v', 'engine_a', 'house_v', 'house_a', 'v50_v', 'v50_a', 'v50_mah_used', 'v50_pct_remain', 'fw', 'uplink', 'note']
total rows: 994
  Aug 11, 2026 9:48 AM | mode=docked_off | eng=12.658V | house=0V | fw=1.1.105 | uplink=cellular | note=auto_log gpio sw=0 key=0 gp20=1 gp21=1
  Aug 11, 2026 9:29 AM | mode=docked_off | eng=12.654V | house=0V | fw=1.1.105 | uplink=cellular | note=auto_log gpio sw=0 key=0 gp20=1 gp21=1
  Aug 11, 2026 9:27 AM | mode=docked_off | eng=12.672V | house=0V | fw=1.1.105 | uplink=cellular | note=boot_log gpio sw=0 key=0 gp20=1 gp21=1
  Aug 11, 2026 9:26 AM | mode=docked_off | eng=12.672V | house=0.001V | fw=1.1.105 | uplink=cellular | note=boot_log gpio sw=0 key=0 gp20=1 gp21=1
  Aug 11, 2026 9:26 AM | mode=docked_off | eng=12.672V | house=0V | fw=1.1.105 | uplink=cellular | note=boot_log gpio sw=0 key=0 gp20=1 gp21=1
  Aug 11, 2026 9:25 AM | mode=docked_off | eng=12.652V | house=0V | fw=1.1.105 | uplink=cellular | note=boot_log gpio sw=0 key=0 gp20=1 gp21=1
  Aug 11, 2026 9:25 AM | mode=docked_off | eng=12.669V | house=0.001V | fw=1.1.105 | uplink=cellular | note=boot_log gpio sw=0 key=0 gp20=1 gp21=1
  Aug 11, 2026 9:24 AM | mode=docked_off | eng=12.669V | house=0.001V | fw=1.1.105 | uplink=cellular | note=boot_log gpio sw=0 key=0 gp20=1 gp21=1
  Aug 11, 2026 9:24 AM | mode=docked_off | eng=12.669V | house=0.002V | fw=1.1.105 | uplink=cellular | note=boot_log gpio sw=0 key=0 gp20=1 gp21=1
  Aug 11, 2026 9:23 AM | mode=docked_off | eng=12.668V | house=0V | fw=1.1.105 | uplink=cellular | note=boot_log gpio sw=0 key=0 gp20=1 gp21=1
  Aug 11, 2026 9:22 AM | mode=docked_off | eng=12.668V | house=0.001V | fw=1.1.105 | uplink=cellular | note=boot_log gpio sw=0 key=0 gp20=1 gp21=1
  Aug 11, 2026 9:22 AM | mode=docked_off | eng=12.668V | house=0V | fw=1.1.105 | uplink=cellular | note=boot_log gpio sw=0 key=0 gp20=1 gp21=1
  Aug 11, 2026 9:22 AM | mode=docked_off | eng=12.778V | house=0V | fw=1.1.105 | uplink=cellular | note=boot_log gpio sw=0 key=0 gp20=1 gp21=1
  Aug 11, 2026 9:21 AM | mode=docked_off | eng=12.669V | house=0.001V | fw=1.1.105 | uplink=cellular | note=boot_log gpio sw=0 key=0 gp20=1 gp21=1
  Aug 11, 2026 9:21 AM | mode=docked_off | eng=12.669V | house=0V | fw=1.1.105 | uplink=cellular | note=boot_log gpio sw=0 key=0 gp20=1 gp21=1
  Aug 11, 2026 9:20 AM | mode=docked_off | eng=12.669V | house=0.001V | fw=1.1.105 | uplink=cellular | note=boot_log gpio sw=0 key=0 gp20=1 gp21=1
  Aug 11, 2026 9:20 AM | mode=docked_off | eng=12.679V | house=0.001V | fw=1.1.105 | uplink=cellular | note=boot_log gpio sw=0 key=0 gp20=1 gp21=1
  Aug 11, 2026 9:20 AM | mode=docked_off | eng=12.669V | house=0.001V | fw=1.1.105 | uplink=cellular | note=boot_log gpio sw=0 key=0 gp20=1 gp21=1
  Aug 11, 2026 9:19 AM | mode=docked_off | eng=12.668V | house=0V | fw=1.1.105 | uplink=cellular | note=boot_log gpio sw=0 key=0 gp20=1 gp21=1
--- harness log tail ---
  … waiting fw=1.1.106 (last 1.1.105 @ Aug 11, 2026 9:48 AM) +2050s boot_start=True ota_ok+310s
  … waiting fw=1.1.106 (last 1.1.105 @ Aug 11, 2026 9:48 AM) +2081s boot_start=True ota_ok+341s
  … waiting fw=1.1.106 (last 1.1.105 @ Aug 11, 2026 9:48 AM) +2112s boot_start=True ota_ok+372s
  … waiting fw=1.1.106 (last 1.1.105 @ Aug 11, 2026 9:48 AM) +2143s boot_start=True ota_ok+403s
  … waiting fw=1.1.106 (last 1.1.105 @ Aug 11, 2026 9:48 AM) +2174s boot_start=True ota_ok+434s
  … waiting fw=1.1.106 (last 1.1.105 @ Aug 11, 2026 9:48 AM) +2205s boot_start=True ota_ok+465s
  … waiting fw=1.1.106 (last 1.1.105 @ Aug 11, 2026 9:48 AM) +2236s boot_start=True ota_ok+496s
  … waiting fw=1.1.106 (last 1.1.105 @ Aug 11, 2026 9:48 AM) +2267s boot_start=True ota_ok+527s
  … waiting fw=1.1.106 (last 1.1.105 @ Aug 11, 2026 9:48 AM) +2298s boot_start=True ota_ok+558s
  … waiting fw=1.1.106 (last 1.1.105 @ Aug 11, 2026 9:48 AM) +2329s boot_start=True ota_ok+589s
  … waiting fw=1.1.106 (last 1.1.105 @ Aug 11, 2026 9:48 AM) +2360s boot_start=True ota_ok+620s
  … waiting fw=1.1.106 (last 1.1.105 @ Aug 11, 2026 9:48 AM) +2391s boot_start=True ota_ok+651s
--- harness process ---
409711 /bin/bash -l -c PYTHONUNBUFFERED=1 python3 boat_monitor/ota_stress_harness.py --profile dock --rounds 6 --no-bootstrap --reset-v50 2>&1 | tee boat_monitor/ota_stress_dock.log
410217 python3 boat_monitor/ota_stress_harness.py --profile dock --rounds 6 --no-bootstrap --reset-v50

============================================================
MONITOR update 10/24 @ 2026-08-11 17:12:31Z
============================================================
=== Power_Log (last 30 boat-p2) ===
header: ['timestamp_utc', 'device', 'mode', 'engine_v', 'engine_a', 'house_v', 'house_a', 'v50_v', 'v50_a', 'v50_mah_used', 'v50_pct_remain', 'fw', 'uplink', 'note']
total rows: 995
  Aug 11, 2026 10:08 AM | mode=docked_off | eng=12.672V | house=0.001V | fw=1.1.106 | uplink=cellular | note=boot_log gpio sw=0 key=0 gp20=1 gp21=1
  Aug 11, 2026 9:48 AM | mode=docked_off | eng=12.658V | house=0V | fw=1.1.105 | uplink=cellular | note=auto_log gpio sw=0 key=0 gp20=1 gp21=1
  Aug 11, 2026 9:29 AM | mode=docked_off | eng=12.654V | house=0V | fw=1.1.105 | uplink=cellular | note=auto_log gpio sw=0 key=0 gp20=1 gp21=1
  Aug 11, 2026 9:27 AM | mode=docked_off | eng=12.672V | house=0V | fw=1.1.105 | uplink=cellular | note=boot_log gpio sw=0 key=0 gp20=1 gp21=1
  Aug 11, 2026 9:26 AM | mode=docked_off | eng=12.672V | house=0.001V | fw=1.1.105 | uplink=cellular | note=boot_log gpio sw=0 key=0 gp20=1 gp21=1
  Aug 11, 2026 9:26 AM | mode=docked_off | eng=12.672V | house=0V | fw=1.1.105 | uplink=cellular | note=boot_log gpio sw=0 key=0 gp20=1 gp21=1
  Aug 11, 2026 9:25 AM | mode=docked_off | eng=12.652V | house=0V | fw=1.1.105 | uplink=cellular | note=boot_log gpio sw=0 key=0 gp20=1 gp21=1
  Aug 11, 2026 9:25 AM | mode=docked_off | eng=12.669V | house=0.001V | fw=1.1.105 | uplink=cellular | note=boot_log gpio sw=0 key=0 gp20=1 gp21=1
  Aug 11, 2026 9:24 AM | mode=docked_off | eng=12.669V | house=0.001V | fw=1.1.105 | uplink=cellular | note=boot_log gpio sw=0 key=0 gp20=1 gp21=1
  Aug 11, 2026 9:24 AM | mode=docked_off | eng=12.669V | house=0.002V | fw=1.1.105 | uplink=cellular | note=boot_log gpio sw=0 key=0 gp20=1 gp21=1
  Aug 11, 2026 9:23 AM | mode=docked_off | eng=12.668V | house=0V | fw=1.1.105 | uplink=cellular | note=boot_log gpio sw=0 key=0 gp20=1 gp21=1
  Aug 11, 2026 9:22 AM | mode=docked_off | eng=12.668V | house=0.001V | fw=1.1.105 | uplink=cellular | note=boot_log gpio sw=0 key=0 gp20=1 gp21=1
  Aug 11, 2026 9:22 AM | mode=docked_off | eng=12.668V | house=0V | fw=1.1.105 | uplink=cellular | note=boot_log gpio sw=0 key=0 gp20=1 gp21=1
  Aug 11, 2026 9:22 AM | mode=docked_off | eng=12.778V | house=0V | fw=1.1.105 | uplink=cellular | note=boot_log gpio sw=0 key=0 gp20=1 gp21=1
  Aug 11, 2026 9:21 AM | mode=docked_off | eng=12.669V | house=0.001V | fw=1.1.105 | uplink=cellular | note=boot_log gpio sw=0 key=0 gp20=1 gp21=1
  Aug 11, 2026 9:21 AM | mode=docked_off | eng=12.669V | house=0V | fw=1.1.105 | uplink=cellular | note=boot_log gpio sw=0 key=0 gp20=1 gp21=1
  Aug 11, 2026 9:20 AM | mode=docked_off | eng=12.669V | house=0.001V | fw=1.1.105 | uplink=cellular | note=boot_log gpio sw=0 key=0 gp20=1 gp21=1
  Aug 11, 2026 9:20 AM | mode=docked_off | eng=12.679V | house=0.001V | fw=1.1.105 | uplink=cellular | note=boot_log gpio sw=0 key=0 gp20=1 gp21=1
  Aug 11, 2026 9:20 AM | mode=docked_off | eng=12.669V | house=0.001V | fw=1.1.105 | uplink=cellular | note=boot_log gpio sw=0 key=0 gp20=1 gp21=1
--- harness log tail ---
OK: release 1.1.107 (manifest + version.py)
OK: GitHub raw master manifest matches
OK: interval_engine_on_s = 60
OK: interval_engine_off_s = 300
OK: boot_ota_max_seconds = 420
OK: min_fw_version = 1.1.107
Sheet updated. Pico OTA when current < min_fw after master manifest ships.
  … waiting fw=1.1.107 (last 1.1.106 @ Aug 11, 2026 10:08 AM) +0s boot_start=True
  … waiting fw=1.1.107 (last 1.1.106 @ Aug 11, 2026 10:08 AM) +31s boot_start=True
  … waiting fw=1.1.107 (last 1.1.106 @ Aug 11, 2026 10:08 AM) +63s boot_start=True
  … waiting fw=1.1.107 (last 1.1.106 @ Aug 11, 2026 10:08 AM) +94s boot_start=True
  … waiting fw=1.1.107 (last 1.1.106 @ Aug 11, 2026 10:08 AM) +125s boot_start=True
--- harness process ---
409711 /bin/bash -l -c PYTHONUNBUFFERED=1 python3 boat_monitor/ota_stress_harness.py --profile dock --rounds 6 --no-bootstrap --reset-v50 2>&1 | tee boat_monitor/ota_stress_dock.log
410217 python3 boat_monitor/ota_stress_harness.py --profile dock --rounds 6 --no-bootstrap --reset-v50

============================================================
MONITOR update 11/24 @ 2026-08-11 17:17:32Z
============================================================
=== Power_Log (last 30 boat-p2) ===
header: ['timestamp_utc', 'device', 'mode', 'engine_v', 'engine_a', 'house_v', 'house_a', 'v50_v', 'v50_a', 'v50_mah_used', 'v50_pct_remain', 'fw', 'uplink', 'note']
total rows: 996
  Aug 11, 2026 10:16 AM | mode=docked_off | eng=12.664V | house=0V | fw=1.1.106 | uplink=cellular | note=boot_log gpio sw=0 key=0 gp20=1 gp21=1
  Aug 11, 2026 10:08 AM | mode=docked_off | eng=12.672V | house=0.001V | fw=1.1.106 | uplink=cellular | note=boot_log gpio sw=0 key=0 gp20=1 gp21=1
  Aug 11, 2026 9:48 AM | mode=docked_off | eng=12.658V | house=0V | fw=1.1.105 | uplink=cellular | note=auto_log gpio sw=0 key=0 gp20=1 gp21=1
  Aug 11, 2026 9:29 AM | mode=docked_off | eng=12.654V | house=0V | fw=1.1.105 | uplink=cellular | note=auto_log gpio sw=0 key=0 gp20=1 gp21=1
  Aug 11, 2026 9:27 AM | mode=docked_off | eng=12.672V | house=0V | fw=1.1.105 | uplink=cellular | note=boot_log gpio sw=0 key=0 gp20=1 gp21=1
  Aug 11, 2026 9:26 AM | mode=docked_off | eng=12.672V | house=0.001V | fw=1.1.105 | uplink=cellular | note=boot_log gpio sw=0 key=0 gp20=1 gp21=1
  Aug 11, 2026 9:26 AM | mode=docked_off | eng=12.672V | house=0V | fw=1.1.105 | uplink=cellular | note=boot_log gpio sw=0 key=0 gp20=1 gp21=1
  Aug 11, 2026 9:25 AM | mode=docked_off | eng=12.652V | house=0V | fw=1.1.105 | uplink=cellular | note=boot_log gpio sw=0 key=0 gp20=1 gp21=1
  Aug 11, 2026 9:25 AM | mode=docked_off | eng=12.669V | house=0.001V | fw=1.1.105 | uplink=cellular | note=boot_log gpio sw=0 key=0 gp20=1 gp21=1
  Aug 11, 2026 9:24 AM | mode=docked_off | eng=12.669V | house=0.001V | fw=1.1.105 | uplink=cellular | note=boot_log gpio sw=0 key=0 gp20=1 gp21=1
  Aug 11, 2026 9:24 AM | mode=docked_off | eng=12.669V | house=0.002V | fw=1.1.105 | uplink=cellular | note=boot_log gpio sw=0 key=0 gp20=1 gp21=1
  Aug 11, 2026 9:23 AM | mode=docked_off | eng=12.668V | house=0V | fw=1.1.105 | uplink=cellular | note=boot_log gpio sw=0 key=0 gp20=1 gp21=1
  Aug 11, 2026 9:22 AM | mode=docked_off | eng=12.668V | house=0.001V | fw=1.1.105 | uplink=cellular | note=boot_log gpio sw=0 key=0 gp20=1 gp21=1
  Aug 11, 2026 9:22 AM | mode=docked_off | eng=12.668V | house=0V | fw=1.1.105 | uplink=cellular | note=boot_log gpio sw=0 key=0 gp20=1 gp21=1
  Aug 11, 2026 9:22 AM | mode=docked_off | eng=12.778V | house=0V | fw=1.1.105 | uplink=cellular | note=boot_log gpio sw=0 key=0 gp20=1 gp21=1
  Aug 11, 2026 9:21 AM | mode=docked_off | eng=12.669V | house=0.001V | fw=1.1.105 | uplink=cellular | note=boot_log gpio sw=0 key=0 gp20=1 gp21=1
  Aug 11, 2026 9:21 AM | mode=docked_off | eng=12.669V | house=0V | fw=1.1.105 | uplink=cellular | note=boot_log gpio sw=0 key=0 gp20=1 gp21=1
  Aug 11, 2026 9:20 AM | mode=docked_off | eng=12.669V | house=0.001V | fw=1.1.105 | uplink=cellular | note=boot_log gpio sw=0 key=0 gp20=1 gp21=1
  Aug 11, 2026 9:20 AM | mode=docked_off | eng=12.679V | house=0.001V | fw=1.1.105 | uplink=cellular | note=boot_log gpio sw=0 key=0 gp20=1 gp21=1
--- harness log tail ---
  … waiting fw=1.1.107 (last 1.1.106 @ Aug 11, 2026 10:08 AM) +94s boot_start=True
  … waiting fw=1.1.107 (last 1.1.106 @ Aug 11, 2026 10:08 AM) +125s boot_start=True
  … waiting fw=1.1.107 (last 1.1.106 @ Aug 11, 2026 10:08 AM) +156s boot_start=True
  … waiting fw=1.1.107 (last 1.1.106 @ Aug 11, 2026 10:08 AM) +187s boot_start=True
  … waiting fw=1.1.107 (last 1.1.106 @ Aug 11, 2026 10:08 AM) +218s boot_start=True
  … waiting fw=1.1.107 (last 1.1.106 @ Aug 11, 2026 10:08 AM) +249s boot_start=True
  … waiting fw=1.1.107 (last 1.1.106 @ Aug 11, 2026 10:08 AM) +280s boot_start=True
  … waiting fw=1.1.107 (last 1.1.106 @ Aug 11, 2026 10:08 AM) +311s boot_start=True
  … waiting fw=1.1.107 (last 1.1.106 @ Aug 11, 2026 10:08 AM) +342s boot_start=True
  … waiting fw=1.1.107 (last 1.1.106 @ Aug 11, 2026 10:08 AM) +373s boot_start=True
  … waiting fw=1.1.107 (last 1.1.106 @ Aug 11, 2026 10:16 AM) +404s boot_start=True
  … waiting fw=1.1.107 (last 1.1.106 @ Aug 11, 2026 10:16 AM) +435s boot_start=True
--- harness process ---
409711 /bin/bash -l -c PYTHONUNBUFFERED=1 python3 boat_monitor/ota_stress_harness.py --profile dock --rounds 6 --no-bootstrap --reset-v50 2>&1 | tee boat_monitor/ota_stress_dock.log
410217 python3 boat_monitor/ota_stress_harness.py --profile dock --rounds 6 --no-bootstrap --reset-v50

============================================================
MONITOR update 12/24 @ 2026-08-11 17:22:33Z
============================================================
=== Power_Log (last 30 boat-p2) ===
header: ['timestamp_utc', 'device', 'mode', 'engine_v', 'engine_a', 'house_v', 'house_a', 'v50_v', 'v50_a', 'v50_mah_used', 'v50_pct_remain', 'fw', 'uplink', 'note']
total rows: 996
  Aug 11, 2026 10:16 AM | mode=docked_off | eng=12.664V | house=0V | fw=1.1.106 | uplink=cellular | note=boot_log gpio sw=0 key=0 gp20=1 gp21=1
  Aug 11, 2026 10:08 AM | mode=docked_off | eng=12.672V | house=0.001V | fw=1.1.106 | uplink=cellular | note=boot_log gpio sw=0 key=0 gp20=1 gp21=1
  Aug 11, 2026 9:48 AM | mode=docked_off | eng=12.658V | house=0V | fw=1.1.105 | uplink=cellular | note=auto_log gpio sw=0 key=0 gp20=1 gp21=1
  Aug 11, 2026 9:29 AM | mode=docked_off | eng=12.654V | house=0V | fw=1.1.105 | uplink=cellular | note=auto_log gpio sw=0 key=0 gp20=1 gp21=1
  Aug 11, 2026 9:27 AM | mode=docked_off | eng=12.672V | house=0V | fw=1.1.105 | uplink=cellular | note=boot_log gpio sw=0 key=0 gp20=1 gp21=1
  Aug 11, 2026 9:26 AM | mode=docked_off | eng=12.672V | house=0.001V | fw=1.1.105 | uplink=cellular | note=boot_log gpio sw=0 key=0 gp20=1 gp21=1
  Aug 11, 2026 9:26 AM | mode=docked_off | eng=12.672V | house=0V | fw=1.1.105 | uplink=cellular | note=boot_log gpio sw=0 key=0 gp20=1 gp21=1
  Aug 11, 2026 9:25 AM | mode=docked_off | eng=12.652V | house=0V | fw=1.1.105 | uplink=cellular | note=boot_log gpio sw=0 key=0 gp20=1 gp21=1
  Aug 11, 2026 9:25 AM | mode=docked_off | eng=12.669V | house=0.001V | fw=1.1.105 | uplink=cellular | note=boot_log gpio sw=0 key=0 gp20=1 gp21=1
  Aug 11, 2026 9:24 AM | mode=docked_off | eng=12.669V | house=0.001V | fw=1.1.105 | uplink=cellular | note=boot_log gpio sw=0 key=0 gp20=1 gp21=1
  Aug 11, 2026 9:24 AM | mode=docked_off | eng=12.669V | house=0.002V | fw=1.1.105 | uplink=cellular | note=boot_log gpio sw=0 key=0 gp20=1 gp21=1
  Aug 11, 2026 9:23 AM | mode=docked_off | eng=12.668V | house=0V | fw=1.1.105 | uplink=cellular | note=boot_log gpio sw=0 key=0 gp20=1 gp21=1
  Aug 11, 2026 9:22 AM | mode=docked_off | eng=12.668V | house=0.001V | fw=1.1.105 | uplink=cellular | note=boot_log gpio sw=0 key=0 gp20=1 gp21=1
  Aug 11, 2026 9:22 AM | mode=docked_off | eng=12.668V | house=0V | fw=1.1.105 | uplink=cellular | note=boot_log gpio sw=0 key=0 gp20=1 gp21=1
  Aug 11, 2026 9:22 AM | mode=docked_off | eng=12.778V | house=0V | fw=1.1.105 | uplink=cellular | note=boot_log gpio sw=0 key=0 gp20=1 gp21=1
  Aug 11, 2026 9:21 AM | mode=docked_off | eng=12.669V | house=0.001V | fw=1.1.105 | uplink=cellular | note=boot_log gpio sw=0 key=0 gp20=1 gp21=1
  Aug 11, 2026 9:21 AM | mode=docked_off | eng=12.669V | house=0V | fw=1.1.105 | uplink=cellular | note=boot_log gpio sw=0 key=0 gp20=1 gp21=1
  Aug 11, 2026 9:20 AM | mode=docked_off | eng=12.669V | house=0.001V | fw=1.1.105 | uplink=cellular | note=boot_log gpio sw=0 key=0 gp20=1 gp21=1
  Aug 11, 2026 9:20 AM | mode=docked_off | eng=12.679V | house=0.001V | fw=1.1.105 | uplink=cellular | note=boot_log gpio sw=0 key=0 gp20=1 gp21=1
--- harness log tail ---
  … waiting fw=1.1.107 (last 1.1.106 @ Aug 11, 2026 10:16 AM) +435s boot_start=True
  … waiting fw=1.1.107 (last 1.1.106 @ Aug 11, 2026 10:16 AM) +466s boot_start=True
  … waiting fw=1.1.107 (last 1.1.106 @ Aug 11, 2026 10:16 AM) +497s boot_start=True
  … boot_ota success for 1.1.107 (waiting Power_Log confirm, grace 900s)
  … waiting fw=1.1.107 (last 1.1.106 @ Aug 11, 2026 10:16 AM) +528s boot_start=True ota_ok+0s
  … waiting fw=1.1.107 (last 1.1.106 @ Aug 11, 2026 10:16 AM) +559s boot_start=True ota_ok+30s
  … waiting fw=1.1.107 (last 1.1.106 @ Aug 11, 2026 10:16 AM) +590s boot_start=True ota_ok+61s
  … waiting fw=1.1.107 (last 1.1.106 @ Aug 11, 2026 10:16 AM) +621s boot_start=True ota_ok+92s
  … waiting fw=1.1.107 (last 1.1.106 @ Aug 11, 2026 10:16 AM) +652s boot_start=True ota_ok+123s
  … waiting fw=1.1.107 (last 1.1.106 @ Aug 11, 2026 10:16 AM) +683s boot_start=True ota_ok+155s
  … waiting fw=1.1.107 (last 1.1.106 @ Aug 11, 2026 10:16 AM) +714s boot_start=True ota_ok+186s
  … waiting fw=1.1.107 (last 1.1.106 @ Aug 11, 2026 10:16 AM) +745s boot_start=True ota_ok+217s
--- harness process ---
409711 /bin/bash -l -c PYTHONUNBUFFERED=1 python3 boat_monitor/ota_stress_harness.py --profile dock --rounds 6 --no-bootstrap --reset-v50 2>&1 | tee boat_monitor/ota_stress_dock.log
410217 python3 boat_monitor/ota_stress_harness.py --profile dock --rounds 6 --no-bootstrap --reset-v50

============================================================
MONITOR update 13/24 @ 2026-08-11 17:27:34Z
============================================================
=== Power_Log (last 30 boat-p2) ===
header: ['timestamp_utc', 'device', 'mode', 'engine_v', 'engine_a', 'house_v', 'house_a', 'v50_v', 'v50_a', 'v50_mah_used', 'v50_pct_remain', 'fw', 'uplink', 'note']
total rows: 997
  Aug 11, 2026 10:26 AM | mode=docked_off | eng=12.678V | house=0V | fw=1.1.107 | uplink=cellular | note=boot_log gpio sw=0 key=0 gp20=1 gp21=1
  Aug 11, 2026 10:16 AM | mode=docked_off | eng=12.664V | house=0V | fw=1.1.106 | uplink=cellular | note=boot_log gpio sw=0 key=0 gp20=1 gp21=1
  Aug 11, 2026 10:08 AM | mode=docked_off | eng=12.672V | house=0.001V | fw=1.1.106 | uplink=cellular | note=boot_log gpio sw=0 key=0 gp20=1 gp21=1
  Aug 11, 2026 9:48 AM | mode=docked_off | eng=12.658V | house=0V | fw=1.1.105 | uplink=cellular | note=auto_log gpio sw=0 key=0 gp20=1 gp21=1
  Aug 11, 2026 9:29 AM | mode=docked_off | eng=12.654V | house=0V | fw=1.1.105 | uplink=cellular | note=auto_log gpio sw=0 key=0 gp20=1 gp21=1
  Aug 11, 2026 9:27 AM | mode=docked_off | eng=12.672V | house=0V | fw=1.1.105 | uplink=cellular | note=boot_log gpio sw=0 key=0 gp20=1 gp21=1
  Aug 11, 2026 9:26 AM | mode=docked_off | eng=12.672V | house=0.001V | fw=1.1.105 | uplink=cellular | note=boot_log gpio sw=0 key=0 gp20=1 gp21=1
  Aug 11, 2026 9:26 AM | mode=docked_off | eng=12.672V | house=0V | fw=1.1.105 | uplink=cellular | note=boot_log gpio sw=0 key=0 gp20=1 gp21=1
  Aug 11, 2026 9:25 AM | mode=docked_off | eng=12.652V | house=0V | fw=1.1.105 | uplink=cellular | note=boot_log gpio sw=0 key=0 gp20=1 gp21=1
  Aug 11, 2026 9:25 AM | mode=docked_off | eng=12.669V | house=0.001V | fw=1.1.105 | uplink=cellular | note=boot_log gpio sw=0 key=0 gp20=1 gp21=1
  Aug 11, 2026 9:24 AM | mode=docked_off | eng=12.669V | house=0.001V | fw=1.1.105 | uplink=cellular | note=boot_log gpio sw=0 key=0 gp20=1 gp21=1
  Aug 11, 2026 9:24 AM | mode=docked_off | eng=12.669V | house=0.002V | fw=1.1.105 | uplink=cellular | note=boot_log gpio sw=0 key=0 gp20=1 gp21=1
  Aug 11, 2026 9:23 AM | mode=docked_off | eng=12.668V | house=0V | fw=1.1.105 | uplink=cellular | note=boot_log gpio sw=0 key=0 gp20=1 gp21=1
  Aug 11, 2026 9:22 AM | mode=docked_off | eng=12.668V | house=0.001V | fw=1.1.105 | uplink=cellular | note=boot_log gpio sw=0 key=0 gp20=1 gp21=1
  Aug 11, 2026 9:22 AM | mode=docked_off | eng=12.668V | house=0V | fw=1.1.105 | uplink=cellular | note=boot_log gpio sw=0 key=0 gp20=1 gp21=1
  Aug 11, 2026 9:22 AM | mode=docked_off | eng=12.778V | house=0V | fw=1.1.105 | uplink=cellular | note=boot_log gpio sw=0 key=0 gp20=1 gp21=1
  Aug 11, 2026 9:21 AM | mode=docked_off | eng=12.669V | house=0.001V | fw=1.1.105 | uplink=cellular | note=boot_log gpio sw=0 key=0 gp20=1 gp21=1
  Aug 11, 2026 9:21 AM | mode=docked_off | eng=12.669V | house=0V | fw=1.1.105 | uplink=cellular | note=boot_log gpio sw=0 key=0 gp20=1 gp21=1
  Aug 11, 2026 9:20 AM | mode=docked_off | eng=12.669V | house=0.001V | fw=1.1.105 | uplink=cellular | note=boot_log gpio sw=0 key=0 gp20=1 gp21=1
--- harness log tail ---
    {
      "from_fw": "1.1.106",
      "to_fw": "1.1.107",
      "last_log_old_fw": "Aug 11, 2026 10:16 AM",
      "first_log_new_fw": "Aug 11, 2026 10:26 AM",
      "inferred_ota_window_s": 600
    }
  ],
  "ota_action_stall_samples": [],
  "telemetry_gap": false
}
Round cooldown 90s before next ship...
--- harness process ---
409711 /bin/bash -l -c PYTHONUNBUFFERED=1 python3 boat_monitor/ota_stress_harness.py --profile dock --rounds 6 --no-bootstrap --reset-v50 2>&1 | tee boat_monitor/ota_stress_dock.log
410217 python3 boat_monitor/ota_stress_harness.py --profile dock --rounds 6 --no-bootstrap --reset-v50

============================================================
MONITOR update 14/24 @ 2026-08-11 17:32:35Z
============================================================
=== Power_Log (last 30 boat-p2) ===
header: ['timestamp_utc', 'device', 'mode', 'engine_v', 'engine_a', 'house_v', 'house_a', 'v50_v', 'v50_a', 'v50_mah_used', 'v50_pct_remain', 'fw', 'uplink', 'note']
total rows: 998
  Aug 11, 2026 10:30 AM | mode=docked_off | eng=12.678V | house=0.001V | fw=1.1.107 | uplink=cellular | note=auto_log gpio sw=0 key=0 gp20=1 gp21=1
  Aug 11, 2026 10:26 AM | mode=docked_off | eng=12.678V | house=0V | fw=1.1.107 | uplink=cellular | note=boot_log gpio sw=0 key=0 gp20=1 gp21=1
  Aug 11, 2026 10:16 AM | mode=docked_off | eng=12.664V | house=0V | fw=1.1.106 | uplink=cellular | note=boot_log gpio sw=0 key=0 gp20=1 gp21=1
  Aug 11, 2026 10:08 AM | mode=docked_off | eng=12.672V | house=0.001V | fw=1.1.106 | uplink=cellular | note=boot_log gpio sw=0 key=0 gp20=1 gp21=1
  Aug 11, 2026 9:48 AM | mode=docked_off | eng=12.658V | house=0V | fw=1.1.105 | uplink=cellular | note=auto_log gpio sw=0 key=0 gp20=1 gp21=1
  Aug 11, 2026 9:29 AM | mode=docked_off | eng=12.654V | house=0V | fw=1.1.105 | uplink=cellular | note=auto_log gpio sw=0 key=0 gp20=1 gp21=1
  Aug 11, 2026 9:27 AM | mode=docked_off | eng=12.672V | house=0V | fw=1.1.105 | uplink=cellular | note=boot_log gpio sw=0 key=0 gp20=1 gp21=1
  Aug 11, 2026 9:26 AM | mode=docked_off | eng=12.672V | house=0.001V | fw=1.1.105 | uplink=cellular | note=boot_log gpio sw=0 key=0 gp20=1 gp21=1
  Aug 11, 2026 9:26 AM | mode=docked_off | eng=12.672V | house=0V | fw=1.1.105 | uplink=cellular | note=boot_log gpio sw=0 key=0 gp20=1 gp21=1
  Aug 11, 2026 9:25 AM | mode=docked_off | eng=12.652V | house=0V | fw=1.1.105 | uplink=cellular | note=boot_log gpio sw=0 key=0 gp20=1 gp21=1
  Aug 11, 2026 9:25 AM | mode=docked_off | eng=12.669V | house=0.001V | fw=1.1.105 | uplink=cellular | note=boot_log gpio sw=0 key=0 gp20=1 gp21=1
  Aug 11, 2026 9:24 AM | mode=docked_off | eng=12.669V | house=0.001V | fw=1.1.105 | uplink=cellular | note=boot_log gpio sw=0 key=0 gp20=1 gp21=1
  Aug 11, 2026 9:24 AM | mode=docked_off | eng=12.669V | house=0.002V | fw=1.1.105 | uplink=cellular | note=boot_log gpio sw=0 key=0 gp20=1 gp21=1
  Aug 11, 2026 9:23 AM | mode=docked_off | eng=12.668V | house=0V | fw=1.1.105 | uplink=cellular | note=boot_log gpio sw=0 key=0 gp20=1 gp21=1
  Aug 11, 2026 9:22 AM | mode=docked_off | eng=12.668V | house=0.001V | fw=1.1.105 | uplink=cellular | note=boot_log gpio sw=0 key=0 gp20=1 gp21=1
  Aug 11, 2026 9:22 AM | mode=docked_off | eng=12.668V | house=0V | fw=1.1.105 | uplink=cellular | note=boot_log gpio sw=0 key=0 gp20=1 gp21=1
  Aug 11, 2026 9:22 AM | mode=docked_off | eng=12.778V | house=0V | fw=1.1.105 | uplink=cellular | note=boot_log gpio sw=0 key=0 gp20=1 gp21=1
  Aug 11, 2026 9:21 AM | mode=docked_off | eng=12.669V | house=0.001V | fw=1.1.105 | uplink=cellular | note=boot_log gpio sw=0 key=0 gp20=1 gp21=1
  Aug 11, 2026 9:21 AM | mode=docked_off | eng=12.669V | house=0V | fw=1.1.105 | uplink=cellular | note=boot_log gpio sw=0 key=0 gp20=1 gp21=1
--- harness log tail ---
OK: interval_engine_off_s = 300
OK: boot_ota_max_seconds = 420
OK: min_fw_version = 1.1.108
Sheet updated. Pico OTA when current < min_fw after master manifest ships.
  … waiting fw=1.1.108 (last 1.1.107 @ Aug 11, 2026 10:26 AM) +1s boot_start=True
  … waiting fw=1.1.108 (last 1.1.107 @ Aug 11, 2026 10:26 AM) +32s boot_start=True
  … waiting fw=1.1.108 (last 1.1.107 @ Aug 11, 2026 10:26 AM) +63s boot_start=True
  … waiting fw=1.1.108 (last 1.1.107 @ Aug 11, 2026 10:26 AM) +93s boot_start=True
  … waiting fw=1.1.108 (last 1.1.107 @ Aug 11, 2026 10:30 AM) +125s boot_start=True
  … waiting fw=1.1.108 (last 1.1.107 @ Aug 11, 2026 10:30 AM) +156s boot_start=True
  … waiting fw=1.1.108 (last 1.1.107 @ Aug 11, 2026 10:30 AM) +187s boot_start=True
  … waiting fw=1.1.108 (last 1.1.107 @ Aug 11, 2026 10:30 AM) +218s boot_start=True
--- harness process ---
409711 /bin/bash -l -c PYTHONUNBUFFERED=1 python3 boat_monitor/ota_stress_harness.py --profile dock --rounds 6 --no-bootstrap --reset-v50 2>&1 | tee boat_monitor/ota_stress_dock.log
410217 python3 boat_monitor/ota_stress_harness.py --profile dock --rounds 6 --no-bootstrap --reset-v50

============================================================
MONITOR update 15/24 @ 2026-08-11 17:37:36Z
============================================================
=== Power_Log (last 30 boat-p2) ===
header: ['timestamp_utc', 'device', 'mode', 'engine_v', 'engine_a', 'house_v', 'house_a', 'v50_v', 'v50_a', 'v50_mah_used', 'v50_pct_remain', 'fw', 'uplink', 'note']
total rows: 998
  Aug 11, 2026 10:30 AM | mode=docked_off | eng=12.678V | house=0.001V | fw=1.1.107 | uplink=cellular | note=auto_log gpio sw=0 key=0 gp20=1 gp21=1
  Aug 11, 2026 10:26 AM | mode=docked_off | eng=12.678V | house=0V | fw=1.1.107 | uplink=cellular | note=boot_log gpio sw=0 key=0 gp20=1 gp21=1
  Aug 11, 2026 10:16 AM | mode=docked_off | eng=12.664V | house=0V | fw=1.1.106 | uplink=cellular | note=boot_log gpio sw=0 key=0 gp20=1 gp21=1
  Aug 11, 2026 10:08 AM | mode=docked_off | eng=12.672V | house=0.001V | fw=1.1.106 | uplink=cellular | note=boot_log gpio sw=0 key=0 gp20=1 gp21=1
  Aug 11, 2026 9:48 AM | mode=docked_off | eng=12.658V | house=0V | fw=1.1.105 | uplink=cellular | note=auto_log gpio sw=0 key=0 gp20=1 gp21=1
  Aug 11, 2026 9:29 AM | mode=docked_off | eng=12.654V | house=0V | fw=1.1.105 | uplink=cellular | note=auto_log gpio sw=0 key=0 gp20=1 gp21=1
  Aug 11, 2026 9:27 AM | mode=docked_off | eng=12.672V | house=0V | fw=1.1.105 | uplink=cellular | note=boot_log gpio sw=0 key=0 gp20=1 gp21=1
  Aug 11, 2026 9:26 AM | mode=docked_off | eng=12.672V | house=0.001V | fw=1.1.105 | uplink=cellular | note=boot_log gpio sw=0 key=0 gp20=1 gp21=1
  Aug 11, 2026 9:26 AM | mode=docked_off | eng=12.672V | house=0V | fw=1.1.105 | uplink=cellular | note=boot_log gpio sw=0 key=0 gp20=1 gp21=1
  Aug 11, 2026 9:25 AM | mode=docked_off | eng=12.652V | house=0V | fw=1.1.105 | uplink=cellular | note=boot_log gpio sw=0 key=0 gp20=1 gp21=1
  Aug 11, 2026 9:25 AM | mode=docked_off | eng=12.669V | house=0.001V | fw=1.1.105 | uplink=cellular | note=boot_log gpio sw=0 key=0 gp20=1 gp21=1
  Aug 11, 2026 9:24 AM | mode=docked_off | eng=12.669V | house=0.001V | fw=1.1.105 | uplink=cellular | note=boot_log gpio sw=0 key=0 gp20=1 gp21=1
  Aug 11, 2026 9:24 AM | mode=docked_off | eng=12.669V | house=0.002V | fw=1.1.105 | uplink=cellular | note=boot_log gpio sw=0 key=0 gp20=1 gp21=1
  Aug 11, 2026 9:23 AM | mode=docked_off | eng=12.668V | house=0V | fw=1.1.105 | uplink=cellular | note=boot_log gpio sw=0 key=0 gp20=1 gp21=1
  Aug 11, 2026 9:22 AM | mode=docked_off | eng=12.668V | house=0.001V | fw=1.1.105 | uplink=cellular | note=boot_log gpio sw=0 key=0 gp20=1 gp21=1
  Aug 11, 2026 9:22 AM | mode=docked_off | eng=12.668V | house=0V | fw=1.1.105 | uplink=cellular | note=boot_log gpio sw=0 key=0 gp20=1 gp21=1
  Aug 11, 2026 9:22 AM | mode=docked_off | eng=12.778V | house=0V | fw=1.1.105 | uplink=cellular | note=boot_log gpio sw=0 key=0 gp20=1 gp21=1
  Aug 11, 2026 9:21 AM | mode=docked_off | eng=12.669V | house=0.001V | fw=1.1.105 | uplink=cellular | note=boot_log gpio sw=0 key=0 gp20=1 gp21=1
  Aug 11, 2026 9:21 AM | mode=docked_off | eng=12.669V | house=0V | fw=1.1.105 | uplink=cellular | note=boot_log gpio sw=0 key=0 gp20=1 gp21=1
--- harness log tail ---
  … waiting fw=1.1.108 (last 1.1.107 @ Aug 11, 2026 10:30 AM) +187s boot_start=True
  … waiting fw=1.1.108 (last 1.1.107 @ Aug 11, 2026 10:30 AM) +218s boot_start=True
  … waiting fw=1.1.108 (last 1.1.107 @ Aug 11, 2026 10:30 AM) +249s boot_start=True
  … waiting fw=1.1.108 (last 1.1.107 @ Aug 11, 2026 10:30 AM) +280s boot_start=True
  … waiting fw=1.1.108 (last 1.1.107 @ Aug 11, 2026 10:30 AM) +311s boot_start=True
  … waiting fw=1.1.108 (last 1.1.107 @ Aug 11, 2026 10:30 AM) +342s boot_start=True
  … waiting fw=1.1.108 (last 1.1.107 @ Aug 11, 2026 10:30 AM) +373s boot_start=True
  … waiting fw=1.1.108 (last 1.1.107 @ Aug 11, 2026 10:30 AM) +404s boot_start=True
  … waiting fw=1.1.108 (last 1.1.107 @ Aug 11, 2026 10:30 AM) +435s boot_start=True
  … waiting fw=1.1.108 (last 1.1.107 @ Aug 11, 2026 10:30 AM) +466s boot_start=True
  … waiting fw=1.1.108 (last 1.1.107 @ Aug 11, 2026 10:30 AM) +497s boot_start=True
  … waiting fw=1.1.108 (last 1.1.107 @ Aug 11, 2026 10:30 AM) +528s boot_start=True
--- harness process ---
409711 /bin/bash -l -c PYTHONUNBUFFERED=1 python3 boat_monitor/ota_stress_harness.py --profile dock --rounds 6 --no-bootstrap --reset-v50 2>&1 | tee boat_monitor/ota_stress_dock.log
410217 python3 boat_monitor/ota_stress_harness.py --profile dock --rounds 6 --no-bootstrap --reset-v50

============================================================
MONITOR update 16/24 @ 2026-08-11 18:27:23Z
============================================================
=== Power_Log (last 30 boat-p2) ===
header: ['timestamp_utc', 'device', 'mode', 'engine_v', 'engine_a', 'house_v', 'house_a', 'v50_v', 'v50_a', 'v50_mah_used', 'v50_pct_remain', 'fw', 'uplink', 'note']
total rows: 1008
  Aug 11, 2026 11:22 AM | mode=docked_off | eng=12.672V | house=0V | fw=1.1.107 | uplink=cellular | note=boot_log gpio sw=0 key=0 gp20=1 gp21=1
  Aug 11, 2026 11:19 AM | mode=docked_off | eng=12.672V | house=0.001V | fw=1.1.107 | uplink=cellular | note=boot_log gpio sw=0 key=0 gp20=1 gp21=1
  Aug 11, 2026 11:17 AM | mode=docked_off | eng=12.672V | house=0.001V | fw=1.1.107 | uplink=cellular | note=auto_log gpio sw=0 key=0 gp20=1 gp21=1
  Aug 11, 2026 11:10 AM | mode=docked_off | eng=12.792V | house=0.001V | fw=1.1.107 | uplink=cellular | note=boot_log gpio sw=0 key=0 gp20=1 gp21=1
  Aug 11, 2026 11:09 AM | mode=docked_off | eng=12.672V | house=0V | fw=1.1.107 | uplink=cellular | note=boot_log gpio sw=0 key=0 gp20=1 gp21=1
  Aug 11, 2026 11:09 AM | mode=docked_off | eng=12.679V | house=0V | fw=1.1.107 | uplink=cellular | note=auto_log gpio sw=0 key=0 gp20=1 gp21=1
  Aug 11, 2026 11:06 AM | mode=docked_off | eng=12.719V | house=0.001V | fw=1.1.107 | uplink=cellular | note=auto_log gpio sw=0 key=0 gp20=1 gp21=1
  Aug 11, 2026 11:02 AM | mode=docked_off | eng=12.679V | house=0.001V | fw=1.1.107 | uplink=cellular | note=boot_log gpio sw=0 key=0 gp20=1 gp21=1
  Aug 11, 2026 10:55 AM | mode=docked_off | eng=12.789V | house=0.001V | fw=1.1.107 | uplink=cellular | note=auto_log gpio sw=0 key=0 gp20=1 gp21=1
  Aug 11, 2026 10:46 AM | mode=docked_off | eng=12.668V | house=0V | fw=1.1.107 | uplink=Levy-Guest | note=boot_log gpio sw=0 key=0 gp20=1 gp21=1
  Aug 11, 2026 10:30 AM | mode=docked_off | eng=12.678V | house=0.001V | fw=1.1.107 | uplink=cellular | note=auto_log gpio sw=0 key=0 gp20=1 gp21=1
  Aug 11, 2026 10:26 AM | mode=docked_off | eng=12.678V | house=0V | fw=1.1.107 | uplink=cellular | note=boot_log gpio sw=0 key=0 gp20=1 gp21=1
  Aug 11, 2026 10:16 AM | mode=docked_off | eng=12.664V | house=0V | fw=1.1.106 | uplink=cellular | note=boot_log gpio sw=0 key=0 gp20=1 gp21=1
  Aug 11, 2026 10:08 AM | mode=docked_off | eng=12.672V | house=0.001V | fw=1.1.106 | uplink=cellular | note=boot_log gpio sw=0 key=0 gp20=1 gp21=1
  Aug 11, 2026 9:48 AM | mode=docked_off | eng=12.658V | house=0V | fw=1.1.105 | uplink=cellular | note=auto_log gpio sw=0 key=0 gp20=1 gp21=1
  Aug 11, 2026 9:29 AM | mode=docked_off | eng=12.654V | house=0V | fw=1.1.105 | uplink=cellular | note=auto_log gpio sw=0 key=0 gp20=1 gp21=1
  Aug 11, 2026 9:27 AM | mode=docked_off | eng=12.672V | house=0V | fw=1.1.105 | uplink=cellular | note=boot_log gpio sw=0 key=0 gp20=1 gp21=1
  Aug 11, 2026 9:26 AM | mode=docked_off | eng=12.672V | house=0.001V | fw=1.1.105 | uplink=cellular | note=boot_log gpio sw=0 key=0 gp20=1 gp21=1
  Aug 11, 2026 9:26 AM | mode=docked_off | eng=12.672V | house=0V | fw=1.1.105 | uplink=cellular | note=boot_log gpio sw=0 key=0 gp20=1 gp21=1
--- harness log tail ---
  … waiting fw=1.1.108 (last 1.1.107 @ Aug 11, 2026 10:30 AM) +466s boot_start=True
  … waiting fw=1.1.108 (last 1.1.107 @ Aug 11, 2026 10:30 AM) +497s boot_start=True
  … waiting fw=1.1.108 (last 1.1.107 @ Aug 11, 2026 10:30 AM) +528s boot_start=True
  … waiting fw=1.1.108 (last 1.1.107 @ Aug 11, 2026 10:30 AM) +559s boot_start=True
  … waiting fw=1.1.108 (last 1.1.107 @ Aug 11, 2026 10:30 AM) +590s boot_start=True
  … waiting fw=1.1.108 (last 1.1.107 @ Aug 11, 2026 10:30 AM) +621s boot_start=True
  … waiting fw=1.1.108 (last 1.1.107 @ Aug 11, 2026 10:30 AM) +652s boot_start=True
  … waiting fw=1.1.108 (last 1.1.107 @ Aug 11, 2026 10:30 AM) +683s boot_start=True
  … waiting fw=1.1.108 (last 1.1.107 @ Aug 11, 2026 10:30 AM) +713s boot_start=True
  … waiting fw=1.1.108 (last 1.1.107 @ Aug 11, 2026 10:30 AM) +744s boot_start=True
  … waiting fw=1.1.108 (last 1.1.107 @ Aug 11, 2026 11:22 AM) +3462s boot_start=True
  … waiting fw=1.1.108 (last 1.1.107 @ Aug 11, 2026 11:22 AM) +3493s boot_start=True
--- harness process ---
409711 /bin/bash -l -c PYTHONUNBUFFERED=1 python3 boat_monitor/ota_stress_harness.py --profile dock --rounds 6 --no-bootstrap --reset-v50 2>&1 | tee boat_monitor/ota_stress_dock.log
410217 python3 boat_monitor/ota_stress_harness.py --profile dock --rounds 6 --no-bootstrap --reset-v50

============================================================
MONITOR update 17/24 @ 2026-08-11 18:32:24Z
============================================================
=== Power_Log (last 30 boat-p2) ===
header: ['timestamp_utc', 'device', 'mode', 'engine_v', 'engine_a', 'house_v', 'house_a', 'v50_v', 'v50_a', 'v50_mah_used', 'v50_pct_remain', 'fw', 'uplink', 'note']
total rows: 1009
  Aug 11, 2026 11:32 AM | mode=docked_off | eng=12.674V | house=0V | fw=1.1.107 | uplink=cellular | note=boot_log gpio sw=0 key=0 gp20=1 gp21=1
  Aug 11, 2026 11:22 AM | mode=docked_off | eng=12.672V | house=0V | fw=1.1.107 | uplink=cellular | note=boot_log gpio sw=0 key=0 gp20=1 gp21=1
  Aug 11, 2026 11:19 AM | mode=docked_off | eng=12.672V | house=0.001V | fw=1.1.107 | uplink=cellular | note=boot_log gpio sw=0 key=0 gp20=1 gp21=1
  Aug 11, 2026 11:17 AM | mode=docked_off | eng=12.672V | house=0.001V | fw=1.1.107 | uplink=cellular | note=auto_log gpio sw=0 key=0 gp20=1 gp21=1
  Aug 11, 2026 11:10 AM | mode=docked_off | eng=12.792V | house=0.001V | fw=1.1.107 | uplink=cellular | note=boot_log gpio sw=0 key=0 gp20=1 gp21=1
  Aug 11, 2026 11:09 AM | mode=docked_off | eng=12.672V | house=0V | fw=1.1.107 | uplink=cellular | note=boot_log gpio sw=0 key=0 gp20=1 gp21=1
  Aug 11, 2026 11:09 AM | mode=docked_off | eng=12.679V | house=0V | fw=1.1.107 | uplink=cellular | note=auto_log gpio sw=0 key=0 gp20=1 gp21=1
  Aug 11, 2026 11:06 AM | mode=docked_off | eng=12.719V | house=0.001V | fw=1.1.107 | uplink=cellular | note=auto_log gpio sw=0 key=0 gp20=1 gp21=1
  Aug 11, 2026 11:02 AM | mode=docked_off | eng=12.679V | house=0.001V | fw=1.1.107 | uplink=cellular | note=boot_log gpio sw=0 key=0 gp20=1 gp21=1
  Aug 11, 2026 10:55 AM | mode=docked_off | eng=12.789V | house=0.001V | fw=1.1.107 | uplink=cellular | note=auto_log gpio sw=0 key=0 gp20=1 gp21=1
  Aug 11, 2026 10:46 AM | mode=docked_off | eng=12.668V | house=0V | fw=1.1.107 | uplink=Levy-Guest | note=boot_log gpio sw=0 key=0 gp20=1 gp21=1
  Aug 11, 2026 10:30 AM | mode=docked_off | eng=12.678V | house=0.001V | fw=1.1.107 | uplink=cellular | note=auto_log gpio sw=0 key=0 gp20=1 gp21=1
  Aug 11, 2026 10:26 AM | mode=docked_off | eng=12.678V | house=0V | fw=1.1.107 | uplink=cellular | note=boot_log gpio sw=0 key=0 gp20=1 gp21=1
  Aug 11, 2026 10:16 AM | mode=docked_off | eng=12.664V | house=0V | fw=1.1.106 | uplink=cellular | note=boot_log gpio sw=0 key=0 gp20=1 gp21=1
  Aug 11, 2026 10:08 AM | mode=docked_off | eng=12.672V | house=0.001V | fw=1.1.106 | uplink=cellular | note=boot_log gpio sw=0 key=0 gp20=1 gp21=1
  Aug 11, 2026 9:48 AM | mode=docked_off | eng=12.658V | house=0V | fw=1.1.105 | uplink=cellular | note=auto_log gpio sw=0 key=0 gp20=1 gp21=1
  Aug 11, 2026 9:29 AM | mode=docked_off | eng=12.654V | house=0V | fw=1.1.105 | uplink=cellular | note=auto_log gpio sw=0 key=0 gp20=1 gp21=1
  Aug 11, 2026 9:27 AM | mode=docked_off | eng=12.672V | house=0V | fw=1.1.105 | uplink=cellular | note=boot_log gpio sw=0 key=0 gp20=1 gp21=1
  Aug 11, 2026 9:26 AM | mode=docked_off | eng=12.672V | house=0.001V | fw=1.1.105 | uplink=cellular | note=boot_log gpio sw=0 key=0 gp20=1 gp21=1
--- harness log tail ---
Stopping stress pass after failed round.

Wrote /workspace/ota_stress_results.json
SUMMARY: {
  "success_count": 2,
  "fail_count": 1,
  "wall_times_s": [
    2453,
    1024
  ],
  "device_aware_to_confirmed_s": []
}
--- harness process ---
not running

============================================================
MONITOR update 18/24 @ 2026-08-11 18:37:26Z
============================================================
=== Power_Log (last 30 boat-p2) ===
header: ['timestamp_utc', 'device', 'mode', 'engine_v', 'engine_a', 'house_v', 'house_a', 'v50_v', 'v50_a', 'v50_mah_used', 'v50_pct_remain', 'fw', 'uplink', 'note']
total rows: 1009
  Aug 11, 2026 11:32 AM | mode=docked_off | eng=12.674V | house=0V | fw=1.1.107 | uplink=cellular | note=boot_log gpio sw=0 key=0 gp20=1 gp21=1
  Aug 11, 2026 11:22 AM | mode=docked_off | eng=12.672V | house=0V | fw=1.1.107 | uplink=cellular | note=boot_log gpio sw=0 key=0 gp20=1 gp21=1
  Aug 11, 2026 11:19 AM | mode=docked_off | eng=12.672V | house=0.001V | fw=1.1.107 | uplink=cellular | note=boot_log gpio sw=0 key=0 gp20=1 gp21=1
  Aug 11, 2026 11:17 AM | mode=docked_off | eng=12.672V | house=0.001V | fw=1.1.107 | uplink=cellular | note=auto_log gpio sw=0 key=0 gp20=1 gp21=1
  Aug 11, 2026 11:10 AM | mode=docked_off | eng=12.792V | house=0.001V | fw=1.1.107 | uplink=cellular | note=boot_log gpio sw=0 key=0 gp20=1 gp21=1
  Aug 11, 2026 11:09 AM | mode=docked_off | eng=12.672V | house=0V | fw=1.1.107 | uplink=cellular | note=boot_log gpio sw=0 key=0 gp20=1 gp21=1
  Aug 11, 2026 11:09 AM | mode=docked_off | eng=12.679V | house=0V | fw=1.1.107 | uplink=cellular | note=auto_log gpio sw=0 key=0 gp20=1 gp21=1
  Aug 11, 2026 11:06 AM | mode=docked_off | eng=12.719V | house=0.001V | fw=1.1.107 | uplink=cellular | note=auto_log gpio sw=0 key=0 gp20=1 gp21=1
  Aug 11, 2026 11:02 AM | mode=docked_off | eng=12.679V | house=0.001V | fw=1.1.107 | uplink=cellular | note=boot_log gpio sw=0 key=0 gp20=1 gp21=1
  Aug 11, 2026 10:55 AM | mode=docked_off | eng=12.789V | house=0.001V | fw=1.1.107 | uplink=cellular | note=auto_log gpio sw=0 key=0 gp20=1 gp21=1
  Aug 11, 2026 10:46 AM | mode=docked_off | eng=12.668V | house=0V | fw=1.1.107 | uplink=Levy-Guest | note=boot_log gpio sw=0 key=0 gp20=1 gp21=1
  Aug 11, 2026 10:30 AM | mode=docked_off | eng=12.678V | house=0.001V | fw=1.1.107 | uplink=cellular | note=auto_log gpio sw=0 key=0 gp20=1 gp21=1
  Aug 11, 2026 10:26 AM | mode=docked_off | eng=12.678V | house=0V | fw=1.1.107 | uplink=cellular | note=boot_log gpio sw=0 key=0 gp20=1 gp21=1
  Aug 11, 2026 10:16 AM | mode=docked_off | eng=12.664V | house=0V | fw=1.1.106 | uplink=cellular | note=boot_log gpio sw=0 key=0 gp20=1 gp21=1
  Aug 11, 2026 10:08 AM | mode=docked_off | eng=12.672V | house=0.001V | fw=1.1.106 | uplink=cellular | note=boot_log gpio sw=0 key=0 gp20=1 gp21=1
  Aug 11, 2026 9:48 AM | mode=docked_off | eng=12.658V | house=0V | fw=1.1.105 | uplink=cellular | note=auto_log gpio sw=0 key=0 gp20=1 gp21=1
  Aug 11, 2026 9:29 AM | mode=docked_off | eng=12.654V | house=0V | fw=1.1.105 | uplink=cellular | note=auto_log gpio sw=0 key=0 gp20=1 gp21=1
  Aug 11, 2026 9:27 AM | mode=docked_off | eng=12.672V | house=0V | fw=1.1.105 | uplink=cellular | note=boot_log gpio sw=0 key=0 gp20=1 gp21=1
  Aug 11, 2026 9:26 AM | mode=docked_off | eng=12.672V | house=0.001V | fw=1.1.105 | uplink=cellular | note=boot_log gpio sw=0 key=0 gp20=1 gp21=1
--- harness log tail ---
Stopping stress pass after failed round.

Wrote /workspace/ota_stress_results.json
SUMMARY: {
  "success_count": 2,
  "fail_count": 1,
  "wall_times_s": [
    2453,
    1024
  ],
  "device_aware_to_confirmed_s": []
}
--- harness process ---
not running

============================================================
MONITOR update 19/24 @ 2026-08-11 18:42:27Z
============================================================
=== Power_Log (last 30 boat-p2) ===
header: ['timestamp_utc', 'device', 'mode', 'engine_v', 'engine_a', 'house_v', 'house_a', 'v50_v', 'v50_a', 'v50_mah_used', 'v50_pct_remain', 'fw', 'uplink', 'note']
total rows: 1011
  Aug 11, 2026 11:41 AM | mode=docked_off | eng=12.674V | house=0V | fw=1.1.107 | uplink=cellular | note=boot_log gpio sw=0 key=0 gp20=1 gp21=1
  Aug 11, 2026 11:38 AM | mode=docked_off | eng=12.674V | house=0V | fw=1.1.107 | uplink=cellular | note=auto_log gpio sw=0 key=0 gp20=1 gp21=1
  Aug 11, 2026 11:32 AM | mode=docked_off | eng=12.674V | house=0V | fw=1.1.107 | uplink=cellular | note=boot_log gpio sw=0 key=0 gp20=1 gp21=1
  Aug 11, 2026 11:22 AM | mode=docked_off | eng=12.672V | house=0V | fw=1.1.107 | uplink=cellular | note=boot_log gpio sw=0 key=0 gp20=1 gp21=1
  Aug 11, 2026 11:19 AM | mode=docked_off | eng=12.672V | house=0.001V | fw=1.1.107 | uplink=cellular | note=boot_log gpio sw=0 key=0 gp20=1 gp21=1
  Aug 11, 2026 11:17 AM | mode=docked_off | eng=12.672V | house=0.001V | fw=1.1.107 | uplink=cellular | note=auto_log gpio sw=0 key=0 gp20=1 gp21=1
  Aug 11, 2026 11:10 AM | mode=docked_off | eng=12.792V | house=0.001V | fw=1.1.107 | uplink=cellular | note=boot_log gpio sw=0 key=0 gp20=1 gp21=1
  Aug 11, 2026 11:09 AM | mode=docked_off | eng=12.672V | house=0V | fw=1.1.107 | uplink=cellular | note=boot_log gpio sw=0 key=0 gp20=1 gp21=1
  Aug 11, 2026 11:09 AM | mode=docked_off | eng=12.679V | house=0V | fw=1.1.107 | uplink=cellular | note=auto_log gpio sw=0 key=0 gp20=1 gp21=1
  Aug 11, 2026 11:06 AM | mode=docked_off | eng=12.719V | house=0.001V | fw=1.1.107 | uplink=cellular | note=auto_log gpio sw=0 key=0 gp20=1 gp21=1
  Aug 11, 2026 11:02 AM | mode=docked_off | eng=12.679V | house=0.001V | fw=1.1.107 | uplink=cellular | note=boot_log gpio sw=0 key=0 gp20=1 gp21=1
  Aug 11, 2026 10:55 AM | mode=docked_off | eng=12.789V | house=0.001V | fw=1.1.107 | uplink=cellular | note=auto_log gpio sw=0 key=0 gp20=1 gp21=1
  Aug 11, 2026 10:46 AM | mode=docked_off | eng=12.668V | house=0V | fw=1.1.107 | uplink=Levy-Guest | note=boot_log gpio sw=0 key=0 gp20=1 gp21=1
  Aug 11, 2026 10:30 AM | mode=docked_off | eng=12.678V | house=0.001V | fw=1.1.107 | uplink=cellular | note=auto_log gpio sw=0 key=0 gp20=1 gp21=1
  Aug 11, 2026 10:26 AM | mode=docked_off | eng=12.678V | house=0V | fw=1.1.107 | uplink=cellular | note=boot_log gpio sw=0 key=0 gp20=1 gp21=1
  Aug 11, 2026 10:16 AM | mode=docked_off | eng=12.664V | house=0V | fw=1.1.106 | uplink=cellular | note=boot_log gpio sw=0 key=0 gp20=1 gp21=1
  Aug 11, 2026 10:08 AM | mode=docked_off | eng=12.672V | house=0.001V | fw=1.1.106 | uplink=cellular | note=boot_log gpio sw=0 key=0 gp20=1 gp21=1
  Aug 11, 2026 9:48 AM | mode=docked_off | eng=12.658V | house=0V | fw=1.1.105 | uplink=cellular | note=auto_log gpio sw=0 key=0 gp20=1 gp21=1
  Aug 11, 2026 9:29 AM | mode=docked_off | eng=12.654V | house=0V | fw=1.1.105 | uplink=cellular | note=auto_log gpio sw=0 key=0 gp20=1 gp21=1
--- harness log tail ---
Stopping stress pass after failed round.

Wrote /workspace/ota_stress_results.json
SUMMARY: {
  "success_count": 2,
  "fail_count": 1,
  "wall_times_s": [
    2453,
    1024
  ],
  "device_aware_to_confirmed_s": []
}
--- harness process ---
not running

============================================================
MONITOR update 20/24 @ 2026-08-11 18:47:28Z
============================================================
=== Power_Log (last 30 boat-p2) ===
header: ['timestamp_utc', 'device', 'mode', 'engine_v', 'engine_a', 'house_v', 'house_a', 'v50_v', 'v50_a', 'v50_mah_used', 'v50_pct_remain', 'fw', 'uplink', 'note']
total rows: 1011
  Aug 11, 2026 11:41 AM | mode=docked_off | eng=12.674V | house=0V | fw=1.1.107 | uplink=cellular | note=boot_log gpio sw=0 key=0 gp20=1 gp21=1
  Aug 11, 2026 11:38 AM | mode=docked_off | eng=12.674V | house=0V | fw=1.1.107 | uplink=cellular | note=auto_log gpio sw=0 key=0 gp20=1 gp21=1
  Aug 11, 2026 11:32 AM | mode=docked_off | eng=12.674V | house=0V | fw=1.1.107 | uplink=cellular | note=boot_log gpio sw=0 key=0 gp20=1 gp21=1
  Aug 11, 2026 11:22 AM | mode=docked_off | eng=12.672V | house=0V | fw=1.1.107 | uplink=cellular | note=boot_log gpio sw=0 key=0 gp20=1 gp21=1
  Aug 11, 2026 11:19 AM | mode=docked_off | eng=12.672V | house=0.001V | fw=1.1.107 | uplink=cellular | note=boot_log gpio sw=0 key=0 gp20=1 gp21=1
  Aug 11, 2026 11:17 AM | mode=docked_off | eng=12.672V | house=0.001V | fw=1.1.107 | uplink=cellular | note=auto_log gpio sw=0 key=0 gp20=1 gp21=1
  Aug 11, 2026 11:10 AM | mode=docked_off | eng=12.792V | house=0.001V | fw=1.1.107 | uplink=cellular | note=boot_log gpio sw=0 key=0 gp20=1 gp21=1
  Aug 11, 2026 11:09 AM | mode=docked_off | eng=12.672V | house=0V | fw=1.1.107 | uplink=cellular | note=boot_log gpio sw=0 key=0 gp20=1 gp21=1
  Aug 11, 2026 11:09 AM | mode=docked_off | eng=12.679V | house=0V | fw=1.1.107 | uplink=cellular | note=auto_log gpio sw=0 key=0 gp20=1 gp21=1
  Aug 11, 2026 11:06 AM | mode=docked_off | eng=12.719V | house=0.001V | fw=1.1.107 | uplink=cellular | note=auto_log gpio sw=0 key=0 gp20=1 gp21=1
  Aug 11, 2026 11:02 AM | mode=docked_off | eng=12.679V | house=0.001V | fw=1.1.107 | uplink=cellular | note=boot_log gpio sw=0 key=0 gp20=1 gp21=1
  Aug 11, 2026 10:55 AM | mode=docked_off | eng=12.789V | house=0.001V | fw=1.1.107 | uplink=cellular | note=auto_log gpio sw=0 key=0 gp20=1 gp21=1
  Aug 11, 2026 10:46 AM | mode=docked_off | eng=12.668V | house=0V | fw=1.1.107 | uplink=Levy-Guest | note=boot_log gpio sw=0 key=0 gp20=1 gp21=1
  Aug 11, 2026 10:30 AM | mode=docked_off | eng=12.678V | house=0.001V | fw=1.1.107 | uplink=cellular | note=auto_log gpio sw=0 key=0 gp20=1 gp21=1
  Aug 11, 2026 10:26 AM | mode=docked_off | eng=12.678V | house=0V | fw=1.1.107 | uplink=cellular | note=boot_log gpio sw=0 key=0 gp20=1 gp21=1
  Aug 11, 2026 10:16 AM | mode=docked_off | eng=12.664V | house=0V | fw=1.1.106 | uplink=cellular | note=boot_log gpio sw=0 key=0 gp20=1 gp21=1
  Aug 11, 2026 10:08 AM | mode=docked_off | eng=12.672V | house=0.001V | fw=1.1.106 | uplink=cellular | note=boot_log gpio sw=0 key=0 gp20=1 gp21=1
  Aug 11, 2026 9:48 AM | mode=docked_off | eng=12.658V | house=0V | fw=1.1.105 | uplink=cellular | note=auto_log gpio sw=0 key=0 gp20=1 gp21=1
  Aug 11, 2026 9:29 AM | mode=docked_off | eng=12.654V | house=0V | fw=1.1.105 | uplink=cellular | note=auto_log gpio sw=0 key=0 gp20=1 gp21=1
--- harness log tail ---
Stopping stress pass after failed round.

Wrote /workspace/ota_stress_results.json
SUMMARY: {
  "success_count": 2,
  "fail_count": 1,
  "wall_times_s": [
    2453,
    1024
  ],
  "device_aware_to_confirmed_s": []
}
--- harness process ---
not running

============================================================
MONITOR update 21/24 @ 2026-08-11 18:52:29Z
============================================================
=== Power_Log (last 30 boat-p2) ===
header: ['timestamp_utc', 'device', 'mode', 'engine_v', 'engine_a', 'house_v', 'house_a', 'v50_v', 'v50_a', 'v50_mah_used', 'v50_pct_remain', 'fw', 'uplink', 'note']
total rows: 1012
  Aug 11, 2026 11:50 AM | mode=docked_off | eng=12.672V | house=0.001V | fw=1.1.107 | uplink=cellular | note=boot_log gpio sw=0 key=0 gp20=1 gp21=1
  Aug 11, 2026 11:41 AM | mode=docked_off | eng=12.674V | house=0V | fw=1.1.107 | uplink=cellular | note=boot_log gpio sw=0 key=0 gp20=1 gp21=1
  Aug 11, 2026 11:38 AM | mode=docked_off | eng=12.674V | house=0V | fw=1.1.107 | uplink=cellular | note=auto_log gpio sw=0 key=0 gp20=1 gp21=1
  Aug 11, 2026 11:32 AM | mode=docked_off | eng=12.674V | house=0V | fw=1.1.107 | uplink=cellular | note=boot_log gpio sw=0 key=0 gp20=1 gp21=1
  Aug 11, 2026 11:22 AM | mode=docked_off | eng=12.672V | house=0V | fw=1.1.107 | uplink=cellular | note=boot_log gpio sw=0 key=0 gp20=1 gp21=1
  Aug 11, 2026 11:19 AM | mode=docked_off | eng=12.672V | house=0.001V | fw=1.1.107 | uplink=cellular | note=boot_log gpio sw=0 key=0 gp20=1 gp21=1
  Aug 11, 2026 11:17 AM | mode=docked_off | eng=12.672V | house=0.001V | fw=1.1.107 | uplink=cellular | note=auto_log gpio sw=0 key=0 gp20=1 gp21=1
  Aug 11, 2026 11:10 AM | mode=docked_off | eng=12.792V | house=0.001V | fw=1.1.107 | uplink=cellular | note=boot_log gpio sw=0 key=0 gp20=1 gp21=1
  Aug 11, 2026 11:09 AM | mode=docked_off | eng=12.672V | house=0V | fw=1.1.107 | uplink=cellular | note=boot_log gpio sw=0 key=0 gp20=1 gp21=1
  Aug 11, 2026 11:09 AM | mode=docked_off | eng=12.679V | house=0V | fw=1.1.107 | uplink=cellular | note=auto_log gpio sw=0 key=0 gp20=1 gp21=1
  Aug 11, 2026 11:06 AM | mode=docked_off | eng=12.719V | house=0.001V | fw=1.1.107 | uplink=cellular | note=auto_log gpio sw=0 key=0 gp20=1 gp21=1
  Aug 11, 2026 11:02 AM | mode=docked_off | eng=12.679V | house=0.001V | fw=1.1.107 | uplink=cellular | note=boot_log gpio sw=0 key=0 gp20=1 gp21=1
  Aug 11, 2026 10:55 AM | mode=docked_off | eng=12.789V | house=0.001V | fw=1.1.107 | uplink=cellular | note=auto_log gpio sw=0 key=0 gp20=1 gp21=1
  Aug 11, 2026 10:46 AM | mode=docked_off | eng=12.668V | house=0V | fw=1.1.107 | uplink=Levy-Guest | note=boot_log gpio sw=0 key=0 gp20=1 gp21=1
  Aug 11, 2026 10:30 AM | mode=docked_off | eng=12.678V | house=0.001V | fw=1.1.107 | uplink=cellular | note=auto_log gpio sw=0 key=0 gp20=1 gp21=1
  Aug 11, 2026 10:26 AM | mode=docked_off | eng=12.678V | house=0V | fw=1.1.107 | uplink=cellular | note=boot_log gpio sw=0 key=0 gp20=1 gp21=1
  Aug 11, 2026 10:16 AM | mode=docked_off | eng=12.664V | house=0V | fw=1.1.106 | uplink=cellular | note=boot_log gpio sw=0 key=0 gp20=1 gp21=1
  Aug 11, 2026 10:08 AM | mode=docked_off | eng=12.672V | house=0.001V | fw=1.1.106 | uplink=cellular | note=boot_log gpio sw=0 key=0 gp20=1 gp21=1
  Aug 11, 2026 9:48 AM | mode=docked_off | eng=12.658V | house=0V | fw=1.1.105 | uplink=cellular | note=auto_log gpio sw=0 key=0 gp20=1 gp21=1
--- harness log tail ---
Stopping stress pass after failed round.

Wrote /workspace/ota_stress_results.json
SUMMARY: {
  "success_count": 2,
  "fail_count": 1,
  "wall_times_s": [
    2453,
    1024
  ],
  "device_aware_to_confirmed_s": []
}
--- harness process ---
not running

============================================================
MONITOR update 22/24 @ 2026-08-11 18:57:30Z
============================================================
=== Power_Log (last 30 boat-p2) ===
header: ['timestamp_utc', 'device', 'mode', 'engine_v', 'engine_a', 'house_v', 'house_a', 'v50_v', 'v50_a', 'v50_mah_used', 'v50_pct_remain', 'fw', 'uplink', 'note']
total rows: 1012
  Aug 11, 2026 11:50 AM | mode=docked_off | eng=12.672V | house=0.001V | fw=1.1.107 | uplink=cellular | note=boot_log gpio sw=0 key=0 gp20=1 gp21=1
  Aug 11, 2026 11:41 AM | mode=docked_off | eng=12.674V | house=0V | fw=1.1.107 | uplink=cellular | note=boot_log gpio sw=0 key=0 gp20=1 gp21=1
  Aug 11, 2026 11:38 AM | mode=docked_off | eng=12.674V | house=0V | fw=1.1.107 | uplink=cellular | note=auto_log gpio sw=0 key=0 gp20=1 gp21=1
  Aug 11, 2026 11:32 AM | mode=docked_off | eng=12.674V | house=0V | fw=1.1.107 | uplink=cellular | note=boot_log gpio sw=0 key=0 gp20=1 gp21=1
  Aug 11, 2026 11:22 AM | mode=docked_off | eng=12.672V | house=0V | fw=1.1.107 | uplink=cellular | note=boot_log gpio sw=0 key=0 gp20=1 gp21=1
  Aug 11, 2026 11:19 AM | mode=docked_off | eng=12.672V | house=0.001V | fw=1.1.107 | uplink=cellular | note=boot_log gpio sw=0 key=0 gp20=1 gp21=1
  Aug 11, 2026 11:17 AM | mode=docked_off | eng=12.672V | house=0.001V | fw=1.1.107 | uplink=cellular | note=auto_log gpio sw=0 key=0 gp20=1 gp21=1
  Aug 11, 2026 11:10 AM | mode=docked_off | eng=12.792V | house=0.001V | fw=1.1.107 | uplink=cellular | note=boot_log gpio sw=0 key=0 gp20=1 gp21=1
  Aug 11, 2026 11:09 AM | mode=docked_off | eng=12.672V | house=0V | fw=1.1.107 | uplink=cellular | note=boot_log gpio sw=0 key=0 gp20=1 gp21=1
  Aug 11, 2026 11:09 AM | mode=docked_off | eng=12.679V | house=0V | fw=1.1.107 | uplink=cellular | note=auto_log gpio sw=0 key=0 gp20=1 gp21=1
  Aug 11, 2026 11:06 AM | mode=docked_off | eng=12.719V | house=0.001V | fw=1.1.107 | uplink=cellular | note=auto_log gpio sw=0 key=0 gp20=1 gp21=1
  Aug 11, 2026 11:02 AM | mode=docked_off | eng=12.679V | house=0.001V | fw=1.1.107 | uplink=cellular | note=boot_log gpio sw=0 key=0 gp20=1 gp21=1
  Aug 11, 2026 10:55 AM | mode=docked_off | eng=12.789V | house=0.001V | fw=1.1.107 | uplink=cellular | note=auto_log gpio sw=0 key=0 gp20=1 gp21=1
  Aug 11, 2026 10:46 AM | mode=docked_off | eng=12.668V | house=0V | fw=1.1.107 | uplink=Levy-Guest | note=boot_log gpio sw=0 key=0 gp20=1 gp21=1
  Aug 11, 2026 10:30 AM | mode=docked_off | eng=12.678V | house=0.001V | fw=1.1.107 | uplink=cellular | note=auto_log gpio sw=0 key=0 gp20=1 gp21=1
  Aug 11, 2026 10:26 AM | mode=docked_off | eng=12.678V | house=0V | fw=1.1.107 | uplink=cellular | note=boot_log gpio sw=0 key=0 gp20=1 gp21=1
  Aug 11, 2026 10:16 AM | mode=docked_off | eng=12.664V | house=0V | fw=1.1.106 | uplink=cellular | note=boot_log gpio sw=0 key=0 gp20=1 gp21=1
  Aug 11, 2026 10:08 AM | mode=docked_off | eng=12.672V | house=0.001V | fw=1.1.106 | uplink=cellular | note=boot_log gpio sw=0 key=0 gp20=1 gp21=1
  Aug 11, 2026 9:48 AM | mode=docked_off | eng=12.658V | house=0V | fw=1.1.105 | uplink=cellular | note=auto_log gpio sw=0 key=0 gp20=1 gp21=1
--- harness log tail ---
Stopping stress pass after failed round.

Wrote /workspace/ota_stress_results.json
SUMMARY: {
  "success_count": 2,
  "fail_count": 1,
  "wall_times_s": [
    2453,
    1024
  ],
  "device_aware_to_confirmed_s": []
}
--- harness process ---
not running
